sensor,window_start,gap_min,repeat,method,node_outage,rmse,mae
humidity,2022-04-23 07:07:00,5,0,ffill,False,0.10954451150103478,0.08000000000000114
humidity,2022-04-23 07:07:00,5,0,linear,False,0.06497862896539232,0.046666666666665434
humidity,2022-04-23 07:07:00,5,0,spline3,False,1.1614037440900389,1.1580096234556847
humidity,2022-04-23 07:07:00,5,0,knn,False,0.1949358868961886,0.18000000000000965
humidity,2022-04-23 07:07:00,5,0,iterative,False,0.811147710460601,0.8076884350945448
humidity,2022-04-23 07:07:00,5,0,profile,False,3.1254083777199475,3.1245946257696913
humidity,2022-04-23 07:07:00,5,0,hybrid,False,0.06497862896539232,0.046666666666665434
humidity,2022-04-23 07:07:00,5,1,ffill,False,0.14142135623731153,0.1200000000000017
humidity,2022-04-23 07:07:00,5,1,linear,False,0.09516068282413671,0.07666666666666799
humidity,2022-04-23 07:07:00,5,1,spline3,False,0.4182659260328128,0.4122684036142914
humidity,2022-04-23 07:07:00,5,1,knn,False,0.12489995996796747,0.10799999999999983
humidity,2022-04-23 07:07:00,5,1,iterative,False,1.6890291439543978,1.687370572555811
humidity,2022-04-23 07:07:00,5,1,profile,False,0.8667853828546094,0.8628704490809227
humidity,2022-04-23 07:07:00,5,1,hybrid,False,0.09516068282413671,0.07666666666666799
humidity,2022-04-23 07:07:00,5,2,ffill,False,0.3286335345031009,0.3200000000000017
humidity,2022-04-23 07:07:00,5,2,linear,False,0.19874606914351664,0.16999999999999887
humidity,2022-04-23 07:07:00,5,2,spline3,False,0.29163588888706926,0.28165846812018314
humidity,2022-04-23 07:07:00,5,2,knn,False,0.3130814590486032,0.2940000000000055
humidity,2022-04-23 07:07:00,5,2,iterative,False,0.19673717129472906,0.16839203591830626
humidity,2022-04-23 07:07:00,5,2,profile,False,1.1802164971804754,1.1777634724656694
humidity,2022-04-23 07:07:00,5,2,hybrid,False,0.19874606914351664,0.16999999999999887
humidity,2022-04-23 07:07:00,5,3,ffill,False,0.14142135623731153,0.08000000000000114
humidity,2022-04-23 07:07:00,5,3,linear,False,0.10434983894999107,0.10000000000000142
humidity,2022-04-23 07:07:00,5,3,spline3,False,0.2962323434914946,0.2739307812007638
humidity,2022-04-23 07:07:00,5,3,knn,False,0.32186953878862357,0.30000000000000143
humidity,2022-04-23 07:07:00,5,3,iterative,False,1.4266970401114605,1.4219227982780225
humidity,2022-04-23 07:07:00,5,3,profile,False,4.4147737388278925,4.413514849334275
humidity,2022-04-23 07:07:00,5,3,hybrid,False,0.10434983894999107,0.10000000000000142
humidity,2022-04-23 07:07:00,5,4,ffill,False,0.10954451150103478,0.08000000000000114
humidity,2022-04-23 07:07:00,5,4,linear,False,0.09860132971832879,0.08333333333333429
humidity,2022-04-23 07:07:00,5,4,spline3,False,0.28469008797305384,0.2665497733184267
humidity,2022-04-23 07:07:00,5,4,knn,False,0.22369622258768637,0.21199999999999902
humidity,2022-04-23 07:07:00,5,4,iterative,False,1.4039435663206024,1.402161677158965
humidity,2022-04-23 07:07:00,5,4,profile,False,4.425993440722751,4.424844511017993
humidity,2022-04-23 07:07:00,5,4,hybrid,False,0.09860132971832879,0.08333333333333429
humidity,2022-04-23 07:07:00,15,0,ffill,False,0.0894427190999918,0.06666666666666714
humidity,2022-04-23 07:07:00,15,0,linear,False,0.10236780092718041,0.07666666666666752
humidity,2022-04-23 07:07:00,15,0,spline3,False,0.11531138110388063,0.08602275361101211
humidity,2022-04-23 07:07:00,15,0,knn,False,0.09165151389911791,0.07866666666666759
humidity,2022-04-23 07:07:00,15,0,iterative,False,1.8116624216188784,1.8096496459306948
humidity,2022-04-23 07:07:00,15,0,profile,False,2.0380628966617014,2.0360292456675686
humidity,2022-04-23 07:07:00,15,0,hybrid,False,0.10236780092718041,0.07666666666666752
humidity,2022-04-23 07:07:00,15,1,ffill,False,0.5085928299402864,0.3466666666666702
humidity,2022-04-23 07:07:00,15,1,linear,False,0.7408188037570319,0.6033333333333327
humidity,2022-04-23 07:07:00,15,1,spline3,False,1.4448498655194626,1.3827722585582445
humidity,2022-04-23 07:07:00,15,1,knn,False,0.48104746820523203,0.44333333333332947
humidity,2022-04-23 07:07:00,15,1,iterative,False,0.8584618559521003,0.8488274172794316
humidity,2022-04-23 07:07:00,15,1,profile,False,3.014117829844464,2.997659126822069
humidity,2022-04-23 07:07:00,15,1,hybrid,False,0.7408188037570319,0.6033333333333327
humidity,2022-04-23 07:07:00,15,2,ffill,False,0.2250925735484583,0.21333333333333637
humidity,2022-04-23 07:07:00,15,2,linear,False,0.09486832980505348,0.07000000000000076
humidity,2022-04-23 07:07:00,15,2,spline3,False,0.06516711255894342,0.0528752566934178
humidity,2022-04-23 07:07:00,15,2,knn,False,0.6075908711186028,0.6033333333333298
humidity,2022-04-23 07:07:00,15,2,iterative,False,0.8854545049371729,0.882538455115684
humidity,2022-04-23 07:07:00,15,2,profile,False,0.24336528366145554,0.2319114055681363
humidity,2022-04-23 07:07:00,15,2,hybrid,False,0.09486832980505348,0.07000000000000076
humidity,2022-04-23 07:07:00,15,3,ffill,False,1.226920263641173,1.1333333333333295
humidity,2022-04-23 07:07:00,15,3,linear,False,1.4007141035914492,1.3333333333333324
humidity,2022-04-23 07:07:00,15,3,spline3,False,0.5093640236985887,0.43425230136560583
humidity,2022-04-23 07:07:00,15,3,knn,False,1.0283254997000384,0.9253333333333335
humidity,2022-04-23 07:07:00,15,3,iterative,False,1.6872452611634083,1.6233093375759529
humidity,2022-04-23 07:07:00,15,3,profile,False,3.642256901152633,3.621142997789804
humidity,2022-04-23 07:07:00,15,3,hybrid,False,1.4007141035914492,1.3333333333333324
humidity,2022-04-23 07:07:00,15,4,ffill,False,1.3433788247053255,1.1933333333333314
humidity,2022-04-23 07:07:00,15,4,linear,False,1.101551935528538,0.9083333333333348
humidity,2022-04-23 07:07:00,15,4,spline3,False,3.256594884894295,3.1857970233219786
humidity,2022-04-23 07:07:00,15,4,knn,False,2.253314595582845,2.042666666666669
humidity,2022-04-23 07:07:00,15,4,iterative,False,1.2016074763558637,1.1479056410392365
humidity,2022-04-23 07:07:00,15,4,profile,False,2.5446600425720654,2.4524095512702804
humidity,2022-04-23 07:07:00,15,4,hybrid,False,1.101551935528538,0.9083333333333348
humidity,2022-04-23 07:07:00,60,0,ffill,False,0.2479919353527444,0.21166666666666636
humidity,2022-04-23 07:07:00,60,0,linear,False,0.25430178707021084,0.21008196721311295
humidity,2022-04-23 07:07:00,60,0,spline3,False,0.32360724654737466,0.28097759873739003
humidity,2022-04-23 07:07:00,60,0,knn,False,0.7400900846068221,0.6886666666666668
humidity,2022-04-23 07:07:00,60,0,iterative,False,1.001815496088625,0.9717896200211339
humidity,2022-04-23 07:07:00,60,0,profile,False,3.895692967956624,3.8903975706553355
humidity,2022-04-23 07:07:00,60,0,hybrid,False,0.25430178707021084,0.21008196721311295
humidity,2022-04-23 07:07:00,60,1,ffill,False,2.69199430410492,2.308333333333334
humidity,2022-04-23 07:07:00,60,1,linear,False,0.32599993295114854,0.24975409836065646
humidity,2022-04-23 07:07:00,60,1,spline3,False,1.7680037785908045,1.4757674841960504
humidity,2022-04-23 07:07:00,60,1,knn,False,1.4190613094577686,1.3121666666666656
humidity,2022-04-23 07:07:00,60,1,iterative,False,0.6703567305264547,0.5236590758928376
humidity,2022-04-23 07:07:00,60,1,profile,False,0.9684585102234224,0.8675495355822129
humidity,2022-04-23 07:07:00,60,1,hybrid,False,0.32599993295114854,0.24975409836065646
humidity,2022-04-23 07:07:00,60,2,ffill,False,0.5296225070746147,0.48500000000000026
humidity,2022-04-23 07:07:00,60,2,linear,False,0.14125704199284603,0.11849726775956396
humidity,2022-04-23 07:07:00,60,2,spline3,False,0.29201388533008177,0.2676451281247799
humidity,2022-04-23 07:07:00,60,2,knn,False,0.2733130073743338,0.2320000000000044
humidity,2022-04-23 07:07:00,60,2,iterative,False,1.2718820957539092,1.2556064316914919
humidity,2022-04-23 07:07:00,60,2,profile,False,0.3927328226182189,0.35666501535183265
humidity,2022-04-23 07:07:00,60,2,hybrid,False,0.14125704199284603,0.11849726775956396
humidity,2022-04-23 07:07:00,60,3,ffill,False,0.42347766568419426,0.3900000000000013
humidity,2022-04-23 07:07:00,60,3,linear,False,0.13436757350173223,0.09972677595628525
humidity,2022-04-23 07:07:00,60,3,spline3,False,0.381623153694246,0.36973493580760486
humidity,2022-04-23 07:07:00,60,3,knn,False,0.3048086831659079,0.2788333333333359
humidity,2022-04-23 07:07:00,60,3,iterative,False,1.4984145403697708,1.492722160111392
humidity,2022-04-23 07:07:00,60,3,profile,False,0.5451444259621779,0.5272742386013259
humidity,2022-04-23 07:07:00,60,3,hybrid,False,0.13436757350173223,0.09972677595628525
humidity,2022-04-23 07:07:00,60,4,ffill,False,0.47275786614291515,0.41833333333333633
humidity,2022-04-23 07:07:00,60,4,linear,False,0.11895492097447655,0.10183060109289717
humidity,2022-04-23 07:07:00,60,4,spline3,False,0.1872735230309116,0.1563113117941793
humidity,2022-04-23 07:07:00,60,4,knn,False,0.36783374867820934,0.31816666666666243
humidity,2022-04-23 07:07:00,60,4,iterative,False,1.0535455541646244,1.0387977047743575
humidity,2022-04-23 07:07:00,60,4,profile,False,0.28838875421004356,0.24836800994267988
humidity,2022-04-23 07:07:00,60,4,hybrid,False,0.11895492097447655,0.10183060109289717
humidity,2022-04-23 07:07:00,240,0,ffill,False,1.2983804013719054,1.1320833333333349
humidity,2022-04-23 07:07:00,240,0,linear,False,0.29531115643469863,0.2651884508990313
humidity,2022-04-23 07:07:00,240,0,spline3,False,0.4277965285300426,0.4027876152996478
humidity,2022-04-23 07:07:00,240,0,knn,False,0.42882494485900957,0.3433333333333331
humidity,2022-04-23 07:07:00,240,0,iterative,False,1.6241998439954408,1.5347521175956371
humidity,2022-04-23 07:07:00,240,0,profile,False,0.8169476695617538,0.7143449131528603
humidity,2022-04-23 07:07:00,240,0,hybrid,False,0.8169476695617538,0.7143449131528603
humidity,2022-04-23 07:07:00,240,1,ffill,False,1.0499603167104303,0.8683333333333338
humidity,2022-04-23 07:07:00,240,1,linear,False,0.22802750313358855,0.1828008298755184
humidity,2022-04-23 07:07:00,240,1,spline3,False,1.0739394770256567,1.0324241019882545
humidity,2022-04-23 07:07:00,240,1,knn,False,1.0973842004208614,0.9534583333333315
humidity,2022-04-23 07:07:00,240,1,iterative,False,1.224909454911702,1.1231337120042018
humidity,2022-04-23 07:07:00,240,1,profile,False,4.6536015932928505,4.572521722382667
humidity,2022-04-23 07:07:00,240,1,hybrid,False,4.6536015932928505,4.572521722382667
humidity,2022-04-23 07:07:00,240,2,ffill,False,1.584876441030447,1.2950000000000004
humidity,2022-04-23 07:07:00,240,2,linear,False,1.554313366568588,1.3318118948824345
humidity,2022-04-23 07:07:00,240,2,spline3,False,1.4112419860921788,1.2648146845534787
humidity,2022-04-23 07:07:00,240,2,knn,False,1.6255568276747525,1.4234166666666679
humidity,2022-04-23 07:07:00,240,2,iterative,False,2.055588302372142,1.7126841717204988
humidity,2022-04-23 07:07:00,240,2,profile,False,5.210908799474544,4.881365374391524
humidity,2022-04-23 07:07:00,240,2,hybrid,False,5.210908799474544,4.881365374391524
humidity,2022-04-23 07:07:00,240,3,ffill,False,1.0539607835841585,0.9766666666666667
humidity,2022-04-23 07:07:00,240,3,linear,False,0.3190190705243653,0.28050829875518735
humidity,2022-04-23 07:07:00,240,3,spline3,False,0.28930821789114697,0.25046025239088043
humidity,2022-04-23 07:07:00,240,3,knn,False,0.4138820282802044,0.3057500000000027
humidity,2022-04-23 07:07:00,240,3,iterative,False,1.998216077364066,1.9749357123424152
humidity,2022-04-23 07:07:00,240,3,profile,False,1.3299609903875547,1.1700575241345372
humidity,2022-04-23 07:07:00,240,3,hybrid,False,1.3299609903875547,1.1700575241345372
humidity,2022-04-23 07:07:00,240,4,ffill,False,0.6353804634495238,0.5379166666666654
humidity,2022-04-23 07:07:00,240,4,linear,False,0.8169410228742154,0.7512499999999984
humidity,2022-04-23 07:07:00,240,4,spline3,False,1.0173848819122735,0.9405725326751853
humidity,2022-04-23 07:07:00,240,4,knn,False,1.1005918862139565,1.0026666666666646
humidity,2022-04-23 07:07:00,240,4,iterative,False,1.3922783241110448,1.3557209690425955
humidity,2022-04-23 07:07:00,240,4,profile,False,4.979567231279951,4.949731399802028
humidity,2022-04-23 07:07:00,240,4,hybrid,False,4.979567231279951,4.949731399802028
humidity,2022-04-23 07:07:00,720,0,ffill,False,3.3377512389831168,3.0419444444444443
humidity,2022-04-23 07:07:00,720,0,linear,False,0.6102326129323712,0.42267298505162637
humidity,2022-04-23 07:07:00,720,0,spline3,False,2.4088626552100947,2.0683686394289014
humidity,2022-04-23 07:07:00,720,0,knn,False,1.1413800126747176,0.9560277777777801
humidity,2022-04-23 07:07:00,720,0,iterative,False,1.4358657198844915,1.2451401219987859
humidity,2022-04-23 07:07:00,720,0,profile,False,4.025064611291084,3.4921464423849176
humidity,2022-04-23 07:07:00,720,0,hybrid,False,4.025064611291084,3.4921464423849176
humidity,2022-04-23 07:07:00,720,1,ffill,False,1.378253726036441,1.093055555555555
humidity,2022-04-23 07:07:00,720,1,linear,False,1.2957308809895955,1.023180767452614
humidity,2022-04-23 07:07:00,720,1,spline3,False,4.018824377284316,3.773799087133067
humidity,2022-04-23 07:07:00,720,1,knn,False,1.5316177902974208,1.256638888888888
humidity,2022-04-23 07:07:00,720,1,iterative,False,2.2579712999901025,2.063941476574917
humidity,2022-04-23 07:07:00,720,1,profile,False,3.7860127880565617,3.331746903884944
humidity,2022-04-23 07:07:00,720,1,hybrid,False,3.7860127880565617,3.331746903884944
humidity,2022-04-23 07:07:00,720,2,ffill,False,1.5962020896838578,1.42138888888889
humidity,2022-04-23 07:07:00,720,2,linear,False,1.0103170024151262,0.7725959315765143
humidity,2022-04-23 07:07:00,720,2,spline3,False,7.270746842030001,6.454812875131121
humidity,2022-04-23 07:07:00,720,2,knn,False,1.4289663610845131,1.188180555555557
humidity,2022-04-23 07:07:00,720,2,iterative,False,2.1511510182952485,1.9080446775346553
humidity,2022-04-23 07:07:00,720,2,profile,False,3.818854064475101,3.549063971747074
humidity,2022-04-23 07:07:00,720,2,hybrid,False,3.818854064475101,3.549063971747074
humidity,2022-04-23 07:07:00,720,3,ffill,False,2.9684358020868675,2.6230555555555535
humidity,2022-04-23 07:07:00,720,3,linear,False,3.4014026844691614,3.018055555555556
humidity,2022-04-23 07:07:00,720,3,spline3,False,20.31762556884754,17.701708692717325
humidity,2022-04-23 07:07:00,720,3,knn,False,3.0442037136170734,2.7109305555555525
humidity,2022-04-23 07:07:00,720,3,iterative,False,1.8902835471495083,1.6049111189862066
humidity,2022-04-23 07:07:00,720,3,profile,False,2.4635918468613522,1.973654382448638
humidity,2022-04-23 07:07:00,720,3,hybrid,False,2.4635918468613522,1.973654382448638
humidity,2022-04-23 07:07:00,720,4,ffill,False,2.467367580596329,2.0168055555555564
humidity,2022-04-23 07:07:00,720,4,linear,False,0.4703091819370208,0.39662756202804683
humidity,2022-04-23 07:07:00,720,4,spline3,False,4.981927117726106,4.7127223793864275
humidity,2022-04-23 07:07:00,720,4,knn,False,0.8102491900643916,0.6437083333333341
humidity,2022-04-23 07:07:00,720,4,iterative,False,1.4032827894108386,1.170851960123255
humidity,2022-04-23 07:07:00,720,4,profile,False,3.6460996985185514,2.9630258168871073
humidity,2022-04-23 07:07:00,720,4,hybrid,False,3.6460996985185514,2.9630258168871073
humidity,2022-04-24 09:01:00,5,0,ffill,False,0.08944271909998967,0.03999999999999915
humidity,2022-04-24 09:01:00,5,0,linear,False,0.17384539747207056,0.15999999999999942
humidity,2022-04-24 09:01:00,5,0,spline3,False,0.1214656994373047,0.09756292210928592
humidity,2022-04-24 09:01:00,5,0,knn,False,0.4305345514589983,0.41200000000000186
humidity,2022-04-24 09:01:00,5,0,iterative,False,2.8642141700606847,2.863132285621302
humidity,2022-04-24 09:01:00,5,0,profile,False,3.461077776640328,3.4601212077636205
humidity,2022-04-24 09:01:00,5,0,hybrid,False,0.17384539747207056,0.15999999999999942
humidity,2022-04-24 09:01:00,5,1,ffill,False,0.07745966692414943,0.06000000000000085
humidity,2022-04-24 09:01:00,5,1,linear,False,0.07745966692414943,0.06000000000000085
humidity,2022-04-24 09:01:00,5,1,spline3,False,0.5830230021508686,0.5796839540176763
humidity,2022-04-24 09:01:00,5,1,knn,False,0.18509457042279823,0.1780000000000001
humidity,2022-04-24 09:01:00,5,1,iterative,False,1.806100639586913,1.8046056045556682
humidity,2022-04-24 09:01:00,5,1,profile,False,0.2737066818837269,0.2696034185148946
humidity,2022-04-24 09:01:00,5,1,hybrid,False,0.07745966692414943,0.06000000000000085
humidity,2022-04-24 09:01:00,5,2,ffill,False,0.1183215956619916,0.1
humidity,2022-04-24 09:01:00,5,2,linear,False,0.09516068282413498,0.08333333333333429
humidity,2022-04-24 09:01:00,5,2,spline3,False,0.09914967647776518,0.08708167507229518
humidity,2022-04-24 09:01:00,5,2,knn,False,0.08062257748299237,0.07000000000000597
humidity,2022-04-24 09:01:00,5,2,iterative,False,2.9157719153394916,2.9150859099317343
humidity,2022-04-24 09:01:00,5,2,profile,False,5.698742773062743,5.698214947226363
humidity,2022-04-24 09:01:00,5,2,hybrid,False,0.09516068282413498,0.08333333333333429
humidity,2022-04-24 09:01:00,5,3,ffill,False,0.1183215956619892,0.09999999999999716
humidity,2022-04-24 09:01:00,5,3,linear,False,0.1183215956619892,0.09999999999999716
humidity,2022-04-24 09:01:00,5,3,spline3,False,0.1404172998534012,0.11397939811682675
humidity,2022-04-24 09:01:00,5,3,knn,False,0.12369316876852142,0.1059999999999917
humidity,2022-04-24 09:01:00,5,3,iterative,False,2.461724679605936,2.459611432356938
humidity,2022-04-24 09:01:00,5,3,profile,False,2.171274630494965,2.168863480439806
humidity,2022-04-24 09:01:00,5,3,hybrid,False,0.1183215956619892,0.09999999999999716
humidity,2022-04-24 09:01:00,5,4,ffill,False,0.15491933384829337,0.11999999999999603
humidity,2022-04-24 09:01:00,5,4,linear,False,0.09775252199076667,0.07333333333333343
humidity,2022-04-24 09:01:00,5,4,spline3,False,0.1782134650928565,0.16275353971426226
humidity,2022-04-24 09:01:00,5,4,knn,False,0.34423828956116975,0.32999999999999974
humidity,2022-04-24 09:01:00,5,4,iterative,False,1.7148504049111173,1.7120490387906018
humidity,2022-04-24 09:01:00,5,4,profile,False,0.4216227032918827,0.412118510225126
humidity,2022-04-24 09:01:00,5,4,hybrid,False,0.09775252199076667,0.07333333333333343
humidity,2022-04-24 09:01:00,15,0,ffill,False,0.20976176963403328,0.16000000000000228
humidity,2022-04-24 09:01:00,15,0,linear,False,0.12076147288491365,0.09666666666666827
humidity,2022-04-24 09:01:00,15,0,spline3,False,0.1795403976988044,0.15554730249818124
humidity,2022-04-24 09:01:00,15,0,knn,False,0.23161750077804713,0.1900000000000053
humidity,2022-04-24 09:01:00,15,0,iterative,False,1.8598009828528619,1.8551901817123109
humidity,2022-04-24 09:01:00,15,0,profile,False,0.5605217985413755,0.545183744818667
humidity,2022-04-24 09:01:00,15,0,hybrid,False,0.12076147288491365,0.09666666666666827
humidity,2022-04-24 09:01:00,15,1,ffill,False,0.18257418583505694,0.1600000000000018
humidity,2022-04-24 09:01:00,15,1,linear,False,0.07527726527090618,0.06333333333333163
humidity,2022-04-24 09:01:00,15,1,spline3,False,1.1680790433136046,1.165990867370984
humidity,2022-04-24 09:01:00,15,1,knn,False,0.441021541424001,0.416666666666669
humidity,2022-04-24 09:01:00,15,1,iterative,False,3.9656832817729533,3.964209313363545
humidity,2022-04-24 09:01:00,15,1,profile,False,0.12629950326385667,0.10043612721974995
humidity,2022-04-24 09:01:00,15,1,hybrid,False,0.07527726527090618,0.06333333333333163
humidity,2022-04-24 09:01:00,15,2,ffill,False,0.16329931618554755,0.14666666666666875
humidity,2022-04-24 09:01:00,15,2,linear,False,0.0724568837309475,0.0650000000000001
humidity,2022-04-24 09:01:00,15,2,spline3,False,0.39122201418085695,0.385479449137983
humidity,2022-04-24 09:01:00,15,2,knn,False,0.6069321763316452,0.3566666666666663
humidity,2022-04-24 09:01:00,15,2,iterative,False,6.355105312736822,6.353877599844408
humidity,2022-04-24 09:01:00,15,2,profile,False,0.1263309584397441,0.11205617689931131
humidity,2022-04-24 09:01:00,15,2,hybrid,False,0.0724568837309475,0.0650000000000001
humidity,2022-04-24 09:01:00,15,3,ffill,False,0.13904435743075721,0.12666666666666232
humidity,2022-04-24 09:01:00,15,3,linear,False,0.18320070960560844,0.17583333333332926
humidity,2022-04-24 09:01:00,15,3,spline3,False,0.19155524208069982,0.1787209999715368
humidity,2022-04-24 09:01:00,15,3,knn,False,0.08850612031567896,0.07000000000000123
humidity,2022-04-24 09:01:00,15,3,iterative,False,2.408046337026667,2.4066986251665705
humidity,2022-04-24 09:01:00,15,3,profile,False,2.229811219807496,2.2277643899799586
humidity,2022-04-24 09:01:00,15,3,hybrid,False,0.18320070960560844,0.17583333333332926
humidity,2022-04-24 09:01:00,15,4,ffill,False,1.1375412080447884,0.9533333333333313
humidity,2022-04-24 09:01:00,15,4,linear,False,0.1675808262699927,0.14666666666666686
humidity,2022-04-24 09:01:00,15,4,spline3,False,1.6979358499236823,1.6636694052156655
humidity,2022-04-24 09:01:00,15,4,knn,False,5.506385989618478,5.292666666666666
humidity,2022-04-24 09:01:00,15,4,iterative,False,1.004408139063205,0.9918426403780212
humidity,2022-04-24 09:01:00,15,4,profile,False,3.0142982634371758,2.9996761047507574
humidity,2022-04-24 09:01:00,15,4,hybrid,False,0.1675808262699927,0.14666666666666686
humidity,2022-04-24 09:01:00,60,0,ffill,False,0.8220908303425657,0.6516666666666636
humidity,2022-04-24 09:01:00,60,0,linear,False,0.19760174110425152,0.1670218579234973
humidity,2022-04-24 09:01:00,60,0,spline3,False,0.26442034105858825,0.22011895723494337
humidity,2022-04-24 09:01:00,60,0,knn,False,3.9441146027974394,3.7230000000000008
humidity,2022-04-24 09:01:00,60,0,iterative,False,6.838317204252352,6.83436106464237
humidity,2022-04-24 09:01:00,60,0,profile,False,1.6009205592549127,1.2771579023031683
humidity,2022-04-24 09:01:00,60,0,hybrid,False,0.19760174110425152,0.1670218579234973
humidity,2022-04-24 09:01:00,60,1,ffill,False,1.1054410884348362,0.7699999999999975
humidity,2022-04-24 09:01:00,60,1,linear,False,0.6552937021409365,0.5900000000000005
humidity,2022-04-24 09:01:00,60,1,spline3,False,1.985620902725318,1.9796505299538614
humidity,2022-04-24 09:01:00,60,1,knn,False,0.34325160839632973,0.26250000000000057
humidity,2022-04-24 09:01:00,60,1,iterative,False,2.640221869702801,2.6103758237146364
humidity,2022-04-24 09:01:00,60,1,profile,False,5.65453324774191,5.624700606062756
humidity,2022-04-24 09:01:00,60,1,hybrid,False,0.6552937021409365,0.5900000000000005
humidity,2022-04-24 09:01:00,60,2,ffill,False,0.1064581294844719,0.07999999999999688
humidity,2022-04-24 09:01:00,60,2,linear,False,0.14589089418282275,0.12032786885245628
humidity,2022-04-24 09:01:00,60,2,spline3,False,0.9765617845728194,0.9317662830055872
humidity,2022-04-24 09:01:00,60,2,knn,False,0.08020806277010464,0.06599999999999824
humidity,2022-04-24 09:01:00,60,2,iterative,False,3.040994907417922,3.0399369555318745
humidity,2022-04-24 09:01:00,60,2,profile,False,5.68762757058828,5.6767623171427015
humidity,2022-04-24 09:01:00,60,2,hybrid,False,0.14589089418282275,0.12032786885245628
humidity,2022-04-24 09:01:00,60,3,ffill,False,1.3115512443921766,1.1583333333333334
humidity,2022-04-24 09:01:00,60,3,linear,False,0.08794869343881997,0.07385245901639301
humidity,2022-04-24 09:01:00,60,3,spline3,False,0.3121191523316001,0.2651281167750767
humidity,2022-04-24 09:01:00,60,3,knn,False,1.2800553373454846,1.1281666666666654
humidity,2022-04-24 09:01:00,60,3,iterative,False,1.2822670156206304,1.2312206923069662
humidity,2022-04-24 09:01:00,60,3,profile,False,2.7460210227411253,2.6995350180606654
humidity,2022-04-24 09:01:00,60,3,hybrid,False,0.08794869343881997,0.07385245901639301
humidity,2022-04-24 09:01:00,60,4,ffill,False,0.3983298465677252,0.3500000000000014
humidity,2022-04-24 09:01:00,60,4,linear,False,0.1614652849728579,0.13213114754098404
humidity,2022-04-24 09:01:00,60,4,spline3,False,0.27895955702082126,0.24420816970483575
humidity,2022-04-24 09:01:00,60,4,knn,False,0.3598008708531213,0.309333333333331
humidity,2022-04-24 09:01:00,60,4,iterative,False,3.083660278401381,3.0782906823914997
humidity,2022-04-24 09:01:00,60,4,profile,False,3.5130892756492487,3.504172175563619
humidity,2022-04-24 09:01:00,60,4,hybrid,False,0.1614652849728579,0.13213114754098404
humidity,2022-04-24 09:01:00,240,0,ffill,False,3.3417560254054055,2.7416666666666663
humidity,2022-04-24 09:01:00,240,0,linear,False,0.8092386668449614,0.6682261410788367
humidity,2022-04-24 09:01:00,240,0,spline3,False,1.1637000118097136,1.0405683099871377
humidity,2022-04-24 09:01:00,240,0,knn,False,2.159650338210644,1.7763750000000027
humidity,2022-04-24 09:01:00,240,0,iterative,False,4.5458875217534995,4.263931503235458
humidity,2022-04-24 09:01:00,240,0,profile,False,1.4362744510164365,0.9662157967402929
humidity,2022-04-24 09:01:00,240,0,hybrid,False,1.4362744510164365,0.9662157967402929
humidity,2022-04-24 09:01:00,240,1,ffill,False,0.49480635943097057,0.4691666666666642
humidity,2022-04-24 09:01:00,240,1,linear,False,0.2443468726848579,0.22119294605808887
humidity,2022-04-24 09:01:00,240,1,spline3,False,0.45052516767240997,0.4278034590649658
humidity,2022-04-24 09:01:00,240,1,knn,False,0.5464407561666669,0.47274999999999934
humidity,2022-04-24 09:01:00,240,1,iterative,False,3.889336691474635,3.887055727902958
humidity,2022-04-24 09:01:00,240,1,profile,False,4.849959760476591,4.827895493078092
humidity,2022-04-24 09:01:00,240,1,hybrid,False,4.849959760476591,4.827895493078092
humidity,2022-04-24 09:01:00,240,2,ffill,False,0.5511351921262156,0.4875000000000007
humidity,2022-04-24 09:01:00,240,2,linear,False,0.18803232410970344,0.16338520055324973
humidity,2022-04-24 09:01:00,240,2,spline3,False,0.3826672283248771,0.3438454442951323
humidity,2022-04-24 09:01:00,240,2,knn,False,0.6982430331434302,0.6355000000000034
humidity,2022-04-24 09:01:00,240,2,iterative,False,3.784528237212068,3.778280152404118
humidity,2022-04-24 09:01:00,240,2,profile,False,4.297028597665445,4.279318289332697
humidity,2022-04-24 09:01:00,240,2,hybrid,False,4.297028597665445,4.279318289332697
humidity,2022-04-24 09:01:00,240,3,ffill,False,2.9829306059645404,2.7120833333333305
humidity,2022-04-24 09:01:00,240,3,linear,False,0.6845308385161819,0.6135356154910087
humidity,2022-04-24 09:01:00,240,3,spline3,False,1.2870352501624678,1.2442298204054643
humidity,2022-04-24 09:01:00,240,3,knn,False,0.6469714702622785,0.5633750000000007
humidity,2022-04-24 09:01:00,240,3,iterative,False,1.4236249069243412,1.280638585230013
humidity,2022-04-24 09:01:00,240,3,profile,False,1.3337519958299953,1.1283374271329059
humidity,2022-04-24 09:01:00,240,3,hybrid,False,1.3337519958299953,1.1283374271329059
humidity,2022-04-24 09:01:00,240,4,ffill,False,2.8932536471361554,2.53
humidity,2022-04-24 09:01:00,240,4,linear,False,0.3618742512539518,0.3032987551867219
humidity,2022-04-24 09:01:00,240,4,spline3,False,0.6894225624131444,0.6000598919595241
humidity,2022-04-24 09:01:00,240,4,knn,False,4.262742906079762,3.7207083333333326
humidity,2022-04-24 09:01:00,240,4,iterative,False,6.7774021838326535,6.7159169420283
humidity,2022-04-24 09:01:00,240,4,profile,False,1.1651311922336185,0.8268991073781748
humidity,2022-04-24 09:01:00,240,4,hybrid,False,1.1651311922336185,0.8268991073781748
humidity,2022-04-24 09:01:00,720,0,ffill,False,9.663643205334104,4.916666666666666
humidity,2022-04-24 09:01:00,720,0,linear,False,7.95837105838328,6.834314994606255
humidity,2022-04-24 09:01:00,720,0,spline3,False,6.940808206909669,3.8257564992883313
humidity,2022-04-24 09:01:00,720,0,knn,False,5.55929932885231,3.329874999999994
humidity,2022-04-24 09:01:00,720,0,iterative,False,13.805425189342028,6.825876734048444
humidity,2022-04-24 09:01:00,720,0,profile,False,6.30044697267974,5.585882281231169
humidity,2022-04-24 09:01:00,720,0,hybrid,False,6.30044697267974,5.585882281231169
humidity,2022-04-24 09:01:00,720,1,ffill,False,7.926345837353637,7.447916666666665
humidity,2022-04-24 09:01:00,720,1,linear,False,2.6964569861510927,2.4020089767298485
humidity,2022-04-24 09:01:00,720,1,spline3,False,1.1235456758917626,0.8982387737531325
humidity,2022-04-24 09:01:00,720,1,knn,False,0.8494712407662127,0.6441944444444461
humidity,2022-04-24 09:01:00,720,1,iterative,False,3.8465106671792992,3.5560845246544552
humidity,2022-04-24 09:01:00,720,1,profile,False,2.889908527171998,2.418330166784735
humidity,2022-04-24 09:01:00,720,1,hybrid,False,2.889908527171998,2.418330166784735
humidity,2022-04-24 09:01:00,720,2,ffill,False,6.771582779035735,3.1244444444444444
humidity,2022-04-24 09:01:00,720,2,linear,False,14.7120848642907,12.702540067807059
humidity,2022-04-24 09:01:00,720,2,spline3,False,35.000728445440544,30.912612209908893
humidity,2022-04-24 09:01:00,720,2,knn,False,2.0632416511671914,1.6376388888888913
humidity,2022-04-24 09:01:00,720,2,iterative,False,5.512350455128663,5.373841571629777
humidity,2022-04-24 09:01:00,720,2,profile,False,5.966494893197201,5.662908858043196
humidity,2022-04-24 09:01:00,720,2,hybrid,False,5.966494893197201,5.662908858043196
humidity,2022-04-24 09:01:00,720,3,ffill,False,3.19614133674411,2.9804166666666636
humidity,2022-04-24 09:01:00,720,3,linear,False,1.1675399198649892,1.0891160040067795
humidity,2022-04-24 09:01:00,720,3,spline3,False,10.530033666743147,9.547125466816297
humidity,2022-04-24 09:01:00,720,3,knn,False,0.48795890081940874,0.4225277777777749
humidity,2022-04-24 09:01:00,720,3,iterative,False,6.308756647784392,6.253376514186835
humidity,2022-04-24 09:01:00,720,3,profile,False,5.2541020393311815,4.838302333003371
humidity,2022-04-24 09:01:00,720,3,hybrid,False,5.2541020393311815,4.838302333003371
humidity,2022-04-24 09:01:00,720,4,ffill,False,2.1780821074208085,2.014305555555557
humidity,2022-04-24 09:01:00,720,4,linear,False,4.109775230648001,3.725972222222222
humidity,2022-04-24 09:01:00,720,4,spline3,False,27.15580691618844,23.833713563436252
humidity,2022-04-24 09:01:00,720,4,knn,False,2.45100333763769,2.2592361111111074
humidity,2022-04-24 09:01:00,720,4,iterative,False,6.543217447764605,6.504630924553935
humidity,2022-04-24 09:01:00,720,4,profile,False,6.187517447438943,5.9446374584514
humidity,2022-04-24 09:01:00,720,4,hybrid,False,6.187517447438943,5.9446374584514
temperature,2022-05-20 10:25:00,5,0,ffill,False,0.04472135954999643,0.020000000000000285
temperature,2022-05-20 10:25:00,5,0,linear,False,0.04472135954999643,0.020000000000000285
temperature,2022-05-20 10:25:00,5,0,spline3,False,0.14283665829449493,0.13711374286775352
temperature,2022-05-20 10:25:00,5,0,knn,False,0.07937253933193697,0.0539999999999992
temperature,2022-05-20 10:25:00,5,0,iterative,False,0.17570420299988052,0.1709015736302618
temperature,2022-05-20 10:25:00,5,0,profile,False,0.22210347074227205,0.2178326778633263
temperature,2022-05-20 10:25:00,5,0,hybrid,False,0.04472135954999643,0.020000000000000285
temperature,2022-05-20 10:25:00,5,1,ffill,False,0.07745966692414943,0.06000000000000085
temperature,2022-05-20 10:25:00,5,1,linear,False,0.0471404520791035,0.04000000000000057
temperature,2022-05-20 10:25:00,5,1,spline3,False,0.14248257565658212,0.13396594722499416
temperature,2022-05-20 10:25:00,5,1,knn,False,0.1522497947453474,0.13400000000000176
temperature,2022-05-20 10:25:00,5,1,iterative,False,0.1189172458287979,0.10010161784245711
temperature,2022-05-20 10:25:00,5,1,profile,False,0.19332927009850365,0.19003514275036082
temperature,2022-05-20 10:25:00,5,1,hybrid,False,0.0471404520791035,0.04000000000000057
temperature,2022-05-20 10:25:00,5,2,ffill,False,0.18439088914585688,0.179999999999999
temperature,2022-05-20 10:25:00,5,2,linear,False,0.08692269873603474,0.079999999999999
temperature,2022-05-20 10:25:00,5,2,spline3,False,0.16734747777930986,0.16241414233105828
temperature,2022-05-20 10:25:00,5,2,knn,False,0.1529705854077844,0.13600000000000065
temperature,2022-05-20 10:25:00,5,2,iterative,False,0.19742178334122407,0.19661548313731317
temperature,2022-05-20 10:25:00,5,2,profile,False,0.26794552230377716,0.2651346144824046
temperature,2022-05-20 10:25:00,5,2,hybrid,False,0.08692269873603474,0.079999999999999
temperature,2022-05-20 10:25:00,5,3,ffill,False,0.16733200530681408,0.15999999999999873
temperature,2022-05-20 10:25:00,5,3,linear,False,0.06497862896539232,0.05999999999999943
temperature,2022-05-20 10:25:00,5,3,spline3,False,0.05968187097582153,0.05458410142938277
temperature,2022-05-20 10:25:00,5,3,knn,False,0.10899541274750868,0.09999999999999858
temperature,2022-05-20 10:25:00,5,3,iterative,False,0.06420272836769755,0.051681516342431164
temperature,2022-05-20 10:25:00,5,3,profile,False,0.05529719186246512,0.03939434269866453
temperature,2022-05-20 10:25:00,5,3,hybrid,False,0.06497862896539232,0.05999999999999943
temperature,2022-05-20 10:25:00,5,4,ffill,False,0.07745966692414669,0.05999999999999872
temperature,2022-05-20 10:25:00,5,4,linear,False,0.0324893144826947,0.029999999999998295
temperature,2022-05-20 10:25:00,5,4,spline3,False,0.13270059863690606,0.12344801565014692
temperature,2022-05-20 10:25:00,5,4,knn,False,0.1536879956275029,0.14599999999999796
temperature,2022-05-20 10:25:00,5,4,iterative,False,0.1471795348826091,0.1378802926193913
temperature,2022-05-20 10:25:00,5,4,profile,False,0.09749588091458032,0.07993450994156034
temperature,2022-05-20 10:25:00,5,4,hybrid,False,0.0324893144826947,0.029999999999998295
temperature,2022-05-20 10:25:00,15,0,ffill,False,0.131656117720878,0.09333333333333442
temperature,2022-05-20 10:25:00,15,0,linear,False,0.11355982270738912,0.09416666666666819
temperature,2022-05-20 10:25:00,15,0,spline3,False,0.09551700670793237,0.07986527121033546
temperature,2022-05-20 10:25:00,15,0,knn,False,0.17686152775547354,0.1440000000000005
temperature,2022-05-20 10:25:00,15,0,iterative,False,0.17775412703686067,0.15715820835326183
temperature,2022-05-20 10:25:00,15,0,profile,False,0.24292948476652312,0.2270087906112013
temperature,2022-05-20 10:25:00,15,0,hybrid,False,0.11355982270738912,0.09416666666666819
temperature,2022-05-20 10:25:00,15,1,ffill,False,0.16329931618554475,0.1466666666666664
temperature,2022-05-20 10:25:00,15,1,linear,False,0.25609243123007924,0.23333333333333287
temperature,2022-05-20 10:25:00,15,1,spline3,False,0.1249024258516216,0.11594561678657603
temperature,2022-05-20 10:25:00,15,1,knn,False,0.1990142373466438,0.17933333333333223
temperature,2022-05-20 10:25:00,15,1,iterative,False,0.14650666129802214,0.1373113508690018
temperature,2022-05-20 10:25:00,15,1,profile,False,0.12366441673613394,0.11637650265648129
temperature,2022-05-20 10:25:00,15,1,hybrid,False,0.25609243123007924,0.23333333333333287
temperature,2022-05-20 10:25:00,15,2,ffill,False,0.2556038601690772,0.2133333333333333
temperature,2022-05-20 10:25:00,15,2,linear,False,0.22890136158033916,0.20833333333333334
temperature,2022-05-20 10:25:00,15,2,spline3,False,0.20773800792212063,0.1830116855894211
temperature,2022-05-20 10:25:00,15,2,knn,False,0.17929491533969077,0.14400000000000096
temperature,2022-05-20 10:25:00,15,2,iterative,False,0.24772337793277405,0.21779030751355347
temperature,2022-05-20 10:25:00,15,2,profile,False,0.16118024752668447,0.14162374400868008
temperature,2022-05-20 10:25:00,15,2,hybrid,False,0.22890136158033916,0.20833333333333334
temperature,2022-05-20 10:25:00,15,3,ffill,False,0.26204325342711215,0.23333333333333167
temperature,2022-05-20 10:25:00,15,3,linear,False,0.05477225575051577,0.046666666666665906
temperature,2022-05-20 10:25:00,15,3,spline3,False,0.1294163577981381,0.11014868652850775
temperature,2022-05-20 10:25:00,15,3,knn,False,0.09201449161228129,0.06799999999999949
temperature,2022-05-20 10:25:00,15,3,iterative,False,0.14100153388703948,0.1262608644109771
temperature,2022-05-20 10:25:00,15,3,profile,False,0.16517179652342653,0.148865467002832
temperature,2022-05-20 10:25:00,15,3,hybrid,False,0.05477225575051577,0.046666666666665906
temperature,2022-05-20 10:25:00,15,4,ffill,False,0.22211108331943477,0.1333333333333326
temperature,2022-05-20 10:25:00,15,4,linear,False,0.11681538140730152,0.10750000000000005
temperature,2022-05-20 10:25:00,15,4,spline3,False,0.17858454658059703,0.15949306228727972
temperature,2022-05-20 10:25:00,15,4,knn,False,0.1563116545025782,0.09933333333333204
temperature,2022-05-20 10:25:00,15,4,iterative,False,0.18310221081728018,0.17352519422182175
temperature,2022-05-20 10:25:00,15,4,profile,False,0.21530159297776494,0.19565883172797646
temperature,2022-05-20 10:25:00,15,4,hybrid,False,0.11681538140730152,0.10750000000000005
temperature,2022-05-20 10:25:00,60,0,ffill,False,0.22620050103097958,0.17166666666666602
temperature,2022-05-20 10:25:00,60,0,linear,False,0.2081994105071357,0.18002732240437105
temperature,2022-05-20 10:25:00,60,0,spline3,False,0.192471192566083,0.17787282708715743
temperature,2022-05-20 10:25:00,60,0,knn,False,0.17981008499710527,0.15749999999999845
temperature,2022-05-20 10:25:00,60,0,iterative,False,0.1883113247055903,0.1720784603324726
temperature,2022-05-20 10:25:00,60,0,profile,False,0.2680870539734329,0.22512957777875459
temperature,2022-05-20 10:25:00,60,0,hybrid,False,0.2081994105071357,0.18002732240437105
temperature,2022-05-20 10:25:00,60,1,ffill,False,0.2955221367906865,0.24333333333333343
temperature,2022-05-20 10:25:00,60,1,linear,False,0.2255775828881036,0.1795081967213113
temperature,2022-05-20 10:25:00,60,1,spline3,False,0.17072644681116045,0.14774402515326812
temperature,2022-05-20 10:25:00,60,1,knn,False,0.14453949863849203,0.11249999999999982
temperature,2022-05-20 10:25:00,60,1,iterative,False,0.1604898330293591,0.14352483871599866
temperature,2022-05-20 10:25:00,60,1,profile,False,0.1724892380373692,0.15502825309665724
temperature,2022-05-20 10:25:00,60,1,hybrid,False,0.2255775828881036,0.1795081967213113
temperature,2022-05-20 10:25:00,60,2,ffill,False,0.2639444385977217,0.21666666666666654
temperature,2022-05-20 10:25:00,60,2,linear,False,0.15451316105720786,0.1273770491803275
temperature,2022-05-20 10:25:00,60,2,spline3,False,0.15326661233477454,0.13807708058403786
temperature,2022-05-20 10:25:00,60,2,knn,False,0.1417391971192153,0.12033333333333283
temperature,2022-05-20 10:25:00,60,2,iterative,False,0.14403944851161007,0.12888097468676799
temperature,2022-05-20 10:25:00,60,2,profile,False,0.19869542040098004,0.15302063265661422
temperature,2022-05-20 10:25:00,60,2,hybrid,False,0.15451316105720786,0.1273770491803275
temperature,2022-05-20 10:25:00,60,3,ffill,False,0.16832508230603474,0.14666666666666708
temperature,2022-05-20 10:25:00,60,3,linear,False,0.22255348715490558,0.13939890710382496
temperature,2022-05-20 10:25:00,60,3,spline3,False,0.15727857312242258,0.12750894399471868
temperature,2022-05-20 10:25:00,60,3,knn,False,0.1716488663910523,0.13266666666666638
temperature,2022-05-20 10:25:00,60,3,iterative,False,0.1620671361031601,0.13096503071387583
temperature,2022-05-20 10:25:00,60,3,profile,False,0.28556029780582504,0.27102485080197736
temperature,2022-05-20 10:25:00,60,3,hybrid,False,0.22255348715490558,0.13939890710382496
temperature,2022-05-20 10:25:00,60,4,ffill,False,0.2610874693788768,0.22166666666666496
temperature,2022-05-20 10:25:00,60,4,linear,False,0.18959980862778741,0.14385245901639235
temperature,2022-05-20 10:25:00,60,4,spline3,False,0.14127931595791868,0.12298870167147377
temperature,2022-05-20 10:25:00,60,4,knn,False,0.1362962459742257,0.11399999999999982
temperature,2022-05-20 10:25:00,60,4,iterative,False,0.1402631547529998,0.12007347461363628
temperature,2022-05-20 10:25:00,60,4,profile,False,0.20808072551475496,0.15636524324430845
temperature,2022-05-20 10:25:00,60,4,hybrid,False,0.18959980862778741,0.14385245901639235
temperature,2022-05-20 10:25:00,240,0,ffill,False,0.19028487415801995,0.13791666666666688
temperature,2022-05-20 10:25:00,240,0,linear,False,0.19028487415801995,0.13791666666666688
temperature,2022-05-20 10:25:00,240,0,spline3,False,0.1463013942007759,0.13147693632733415
temperature,2022-05-20 10:25:00,240,0,knn,False,0.18335871036486578,0.15437500000000037
temperature,2022-05-20 10:25:00,240,0,iterative,False,0.14715095096807002,0.12952112111963776
temperature,2022-05-20 10:25:00,240,0,profile,False,0.21307829921365268,0.1625195667498819
temperature,2022-05-20 10:25:00,240,0,hybrid,False,0.21307829921365268,0.1625195667498819
temperature,2022-05-20 10:25:00,240,1,ffill,False,0.20031225624010116,0.18041666666666642
temperature,2022-05-20 10:25:00,240,1,linear,False,0.18501943750453623,0.15841113416320846
temperature,2022-05-20 10:25:00,240,1,spline3,False,0.18325295041167192,0.166118992489512
temperature,2022-05-20 10:25:00,240,1,knn,False,0.16450177304008975,0.14133333333333276
temperature,2022-05-20 10:25:00,240,1,iterative,False,0.1828172021102564,0.16572983640404146
temperature,2022-05-20 10:25:00,240,1,profile,False,0.22033641282194832,0.1938719251149766
temperature,2022-05-20 10:25:00,240,1,hybrid,False,0.22033641282194832,0.1938719251149766
temperature,2022-05-20 10:25:00,240,2,ffill,False,0.25190937523905954,0.20791666666666678
temperature,2022-05-20 10:25:00,240,2,linear,False,0.25190937523905954,0.20791666666666678
temperature,2022-05-20 10:25:00,240,2,spline3,False,0.14737259008871725,0.13293117943182203
temperature,2022-05-20 10:25:00,240,2,knn,False,0.16937261683440255,0.14470833333333324
temperature,2022-05-20 10:25:00,240,2,iterative,False,0.14539019378641746,0.12815247344459516
temperature,2022-05-20 10:25:00,240,2,profile,False,0.20014830117780508,0.15162050465221377
temperature,2022-05-20 10:25:00,240,2,hybrid,False,0.20014830117780508,0.15162050465221377
temperature,2022-05-20 10:25:00,240,3,ffill,False,0.16278820596099733,0.13083333333333386
temperature,2022-05-20 10:25:00,240,3,linear,False,0.16278820596099733,0.13083333333333386
temperature,2022-05-20 10:25:00,240,3,spline3,False,0.1440735493515833,0.12596142071670374
temperature,2022-05-20 10:25:00,240,3,knn,False,0.17108720973039912,0.14408333333333387
temperature,2022-05-20 10:25:00,240,3,iterative,False,0.1848825838082563,0.1560687881052586
temperature,2022-05-20 10:25:00,240,3,profile,False,0.20820267204932352,0.17475960125991324
temperature,2022-05-20 10:25:00,240,3,hybrid,False,0.20820267204932352,0.17475960125991324
temperature,2022-05-20 10:25:00,240,4,ffill,False,0.24005207768315476,0.1829166666666654
temperature,2022-05-20 10:25:00,240,4,linear,False,0.24005207768315476,0.1829166666666654
temperature,2022-05-20 10:25:00,240,4,spline3,False,0.15777944263205104,0.14075157151263393
temperature,2022-05-20 10:25:00,240,4,knn,False,0.16096712914960754,0.13695833333333282
temperature,2022-05-20 10:25:00,240,4,iterative,False,0.15329310331992244,0.13616063633534214
temperature,2022-05-20 10:25:00,240,4,profile,False,0.18341366700138495,0.1467973880396904
temperature,2022-05-20 10:25:00,240,4,hybrid,False,0.18341366700138495,0.1467973880396904
temperature,2022-05-20 10:25:00,720,0,ffill,False,0.30731814857642914,0.2574999999999998
temperature,2022-05-20 10:25:00,720,0,linear,False,0.19780386168925795,0.16876406225920756
temperature,2022-05-20 10:25:00,720,0,spline3,False,0.19299168428692814,0.14764843013199228
temperature,2022-05-20 10:25:00,720,0,knn,False,0.18419230590759045,0.1507916666666661
temperature,2022-05-20 10:25:00,720,0,iterative,False,0.18346036669399446,0.16491459204772355
temperature,2022-05-20 10:25:00,720,0,profile,False,0.18631366091950138,0.16259632195069146
temperature,2022-05-20 10:25:00,720,0,hybrid,False,0.18631366091950138,0.16259632195069146
temperature,2022-05-20 10:25:00,720,1,ffill,False,0.17876893839068664,0.15152777777777746
temperature,2022-05-20 10:25:00,720,1,linear,False,0.17628187799247239,0.14016470180305118
temperature,2022-05-20 10:25:00,720,1,spline3,False,0.1616756786465322,0.14307052046736551
temperature,2022-05-20 10:25:00,720,1,knn,False,0.18782342476083475,0.15970833333333367
temperature,2022-05-20 10:25:00,720,1,iterative,False,0.19655025722687947,0.16790548142404965
temperature,2022-05-20 10:25:00,720,1,profile,False,0.2104012105848312,0.16863563165291962
temperature,2022-05-20 10:25:00,720,1,hybrid,False,0.2104012105848312,0.16863563165291962
temperature,2022-05-20 10:25:00,720,2,ffill,False,0.27454507826584656,0.22569444444444445
temperature,2022-05-20 10:25:00,720,2,linear,False,0.17541197132927294,0.1543379180151021
temperature,2022-05-20 10:25:00,720,2,spline3,False,0.15721536690624532,0.13820732174311112
temperature,2022-05-20 10:25:00,720,2,knn,False,0.17232962600783397,0.14124999999999974
temperature,2022-05-20 10:25:00,720,2,iterative,False,0.15773402376665377,0.14167568602389277
temperature,2022-05-20 10:25:00,720,2,profile,False,0.1984249730627044,0.16071690551345044
temperature,2022-05-20 10:25:00,720,2,hybrid,False,0.1984249730627044,0.16071690551345044
temperature,2022-05-20 10:25:00,720,3,ffill,False,0.1743639233837597,0.14763888888888868
temperature,2022-05-20 10:25:00,720,3,linear,False,0.15772359906871933,0.13468928186161197
temperature,2022-05-20 10:25:00,720,3,spline3,False,0.16766164109256967,0.14492425762418568
temperature,2022-05-20 10:25:00,720,3,knn,False,0.18323141106262306,0.15337499999999998
temperature,2022-05-20 10:25:00,720,3,iterative,False,0.1960349234346767,0.16652370348539794
temperature,2022-05-20 10:25:00,720,3,profile,False,0.22058770192732233,0.1776579486225142
temperature,2022-05-20 10:25:00,720,3,hybrid,False,0.22058770192732233,0.1776579486225142
temperature,2022-05-20 10:25:00,720,4,ffill,False,0.17368553960150682,0.1402777777777773
temperature,2022-05-20 10:25:00,720,4,linear,False,0.17368553960150682,0.1402777777777773
temperature,2022-05-20 10:25:00,720,4,spline3,False,0.17667713284727626,0.14364271731913764
temperature,2022-05-20 10:25:00,720,4,knn,False,0.15848457688718798,0.1342638888888885
temperature,2022-05-20 10:25:00,720,4,iterative,False,0.1697656247714032,0.15353559185665316
temperature,2022-05-20 10:25:00,720,4,profile,False,0.1830830368440273,0.15548646780891567
temperature,2022-05-20 10:25:00,720,4,hybrid,False,0.1830830368440273,0.15548646780891567
soil_moisture,2022-05-21 12:39:00,5,0,ffill,False,2.7202941017470885,2.6
soil_moisture,2022-05-21 12:39:00,5,0,linear,False,1.7748239349298849,1.7
soil_moisture,2022-05-21 12:39:00,5,0,spline3,False,1.0600380356384866,1.0489604486659019
soil_moisture,2022-05-21 12:39:00,5,0,knn,False,1.0788883167408956,1.0000000000000013
soil_moisture,2022-05-21 12:39:00,5,0,iterative,False,1.2037128637299859,1.1677313618866478
soil_moisture,2022-05-21 12:39:00,5,0,profile,False,1.74452516739279,1.5613743392743387
soil_moisture,2022-05-21 12:39:00,5,0,hybrid,False,1.7748239349298849,1.7
soil_moisture,2022-05-21 12:39:00,5,1,ffill,False,1.4142135623730951,1.2
soil_moisture,2022-05-21 12:39:00,5,1,linear,False,1.0826921179274487,1.0333333333333343
soil_moisture,2022-05-21 12:39:00,5,1,spline3,False,1.2223492705872185,0.9936884571382152
soil_moisture,2022-05-21 12:39:00,5,1,knn,False,1.4710540438746642,1.3200000000000003
soil_moisture,2022-05-21 12:39:00,5,1,iterative,False,1.1826856036014903,1.0867843682307068
soil_moisture,2022-05-21 12:39:00,5,1,profile,False,1.4920900435869109,1.157923627170743
soil_moisture,2022-05-21 12:39:00,5,1,hybrid,False,1.0826921179274487,1.0333333333333343
soil_moisture,2022-05-21 12:39:00,5,2,ffill,False,1.2649110640673518,0.8
soil_moisture,2022-05-21 12:39:00,5,2,linear,False,0.829993306532583,0.7333333333333343
soil_moisture,2022-05-21 12:39:00,5,2,spline3,False,1.3079346091122461,1.1046515916132065
soil_moisture,2022-05-21 12:39:00,5,2,knn,False,1.1806777714516363,1.1400000000000006
soil_moisture,2022-05-21 12:39:00,5,2,iterative,False,1.2093297685370554,1.1052447624983983
soil_moisture,2022-05-21 12:39:00,5,2,profile,False,1.5063909310829913,1.1692444020804316
soil_moisture,2022-05-21 12:39:00,5,2,hybrid,False,0.829993306532583,0.7333333333333343
soil_moisture,2022-05-21 12:39:00,5,3,ffill,False,1.5491933384829668,1.2
soil_moisture,2022-05-21 12:39:00,5,3,linear,False,1.907587190376599,1.7
soil_moisture,2022-05-21 12:39:00,5,3,spline3,False,1.21537224613986,1.0945171786872834
soil_moisture,2022-05-21 12:39:00,5,3,knn,False,1.159310139695155,1.1200000000000003
soil_moisture,2022-05-21 12:39:00,5,3,iterative,False,1.0172492012363084,0.9770633157667064
soil_moisture,2022-05-21 12:39:00,5,3,profile,False,1.152142824688863,1.0802884692523407
soil_moisture,2022-05-21 12:39:00,5,3,hybrid,False,1.907587190376599,1.7
soil_moisture,2022-05-21 12:39:00,5,4,ffill,False,2.0,1.6
soil_moisture,2022-05-21 12:39:00,5,4,linear,False,1.7622586517181746,1.4333333333333342
soil_moisture,2022-05-21 12:39:00,5,4,spline3,False,1.1969984544591803,1.0954292525257572
soil_moisture,2022-05-21 12:39:00,5,4,knn,False,1.0844353369380773,1.0400000000000005
soil_moisture,2022-05-21 12:39:00,5,4,iterative,False,1.4346850163676161,1.2683696482091051
soil_moisture,2022-05-21 12:39:00,5,4,profile,False,1.418598647808939,1.2529519488661265
soil_moisture,2022-05-21 12:39:00,5,4,hybrid,False,1.7622586517181746,1.4333333333333342
soil_moisture,2022-05-21 12:39:00,15,0,ffill,False,1.7701224063135672,1.2666666666666666
soil_moisture,2022-05-21 12:39:00,15,0,linear,False,1.7217965423746597,1.5
soil_moisture,2022-05-21 12:39:00,15,0,spline3,False,1.5882412985943137,1.3270512245496457
soil_moisture,2022-05-21 12:39:00,15,0,knn,False,1.1039323650779818,0.9733333333333329
soil_moisture,2022-05-21 12:39:00,15,0,iterative,False,1.265063221237954,1.2080949424015552
soil_moisture,2022-05-21 12:39:00,15,0,profile,False,2.441252587789966,2.084485857916286
soil_moisture,2022-05-21 12:39:00,15,0,hybrid,False,1.7217965423746597,1.5
soil_moisture,2022-05-21 12:39:00,15,1,ffill,False,1.9493588689617927,1.4
soil_moisture,2022-05-21 12:39:00,15,1,linear,False,1.9493588689617927,1.4
soil_moisture,2022-05-21 12:39:00,15,1,spline3,False,1.9301268705957637,1.4475017687010032
soil_moisture,2022-05-21 12:39:00,15,1,knn,False,1.4769337606451183,1.346666666666666
soil_moisture,2022-05-21 12:39:00,15,1,iterative,False,1.3948164501125944,1.3422115640382908
soil_moisture,2022-05-21 12:39:00,15,1,profile,False,1.8993298089825819,1.4071038110144543
soil_moisture,2022-05-21 12:39:00,15,1,hybrid,False,1.9493588689617927,1.4
soil_moisture,2022-05-21 12:39:00,15,2,ffill,False,1.2649110640673518,0.8
soil_moisture,2022-05-21 12:39:00,15,2,linear,False,1.2649110640673518,0.8
soil_moisture,2022-05-21 12:39:00,15,2,spline3,False,0.9924041246097263,0.9125365258033891
soil_moisture,2022-05-21 12:39:00,15,2,knn,False,0.9892758294159765,0.9466666666666673
soil_moisture,2022-05-21 12:39:00,15,2,iterative,False,1.1146290725365364,1.0733808222626526
soil_moisture,2022-05-21 12:39:00,15,2,profile,False,1.48809211430984,1.085089693866394
soil_moisture,2022-05-21 12:39:00,15,2,hybrid,False,1.2649110640673518,0.8
soil_moisture,2022-05-21 12:39:00,15,3,ffill,False,1.6931233465600393,1.1333333333333333
soil_moisture,2022-05-21 12:39:00,15,3,linear,False,1.3006408676751113,1.1833333333333333
soil_moisture,2022-05-21 12:39:00,15,3,spline3,False,1.6695513973232703,1.3599380991673324
soil_moisture,2022-05-21 12:39:00,15,3,knn,False,1.2933161510886135,1.1799999999999993
soil_moisture,2022-05-21 12:39:00,15,3,iterative,False,1.2869565900458715,1.1974565744350434
soil_moisture,2022-05-21 12:39:00,15,3,profile,False,1.330280860856158,1.2334067727197904
soil_moisture,2022-05-21 12:39:00,15,3,hybrid,False,1.3006408676751113,1.1833333333333333
soil_moisture,2022-05-21 12:39:00,15,4,ffill,False,1.61245154965971,1.1333333333333333
soil_moisture,2022-05-21 12:39:00,15,4,linear,False,1.61245154965971,1.1333333333333333
soil_moisture,2022-05-21 12:39:00,15,4,spline3,False,1.4489729938382663,1.1649026482332634
soil_moisture,2022-05-21 12:39:00,15,4,knn,False,1.3117418445207374,1.1
soil_moisture,2022-05-21 12:39:00,15,4,iterative,False,1.3004626883425787,1.2261641456744656
soil_moisture,2022-05-21 12:39:00,15,4,profile,False,1.5043779006904234,1.2578046968142587
soil_moisture,2022-05-21 12:39:00,15,4,hybrid,False,1.61245154965971,1.1333333333333333
soil_moisture,2022-05-21 12:39:00,60,0,ffill,False,2.1330729007701543,1.75
soil_moisture,2022-05-21 12:39:00,60,0,linear,False,1.4796432888690032,1.199726775956284
soil_moisture,2022-05-21 12:39:00,60,0,spline3,False,1.2801957560014465,1.1012242824796132
soil_moisture,2022-05-21 12:39:00,60,0,knn,False,1.3594729370850556,1.2083333333333333
soil_moisture,2022-05-21 12:39:00,60,0,iterative,False,16.821731642405446,7.449678928338187
soil_moisture,2022-05-21 12:39:00,60,0,profile,False,1.3109263869199752,1.239720546132298
soil_moisture,2022-05-21 12:39:00,60,0,hybrid,False,1.4796432888690032,1.199726775956284
soil_moisture,2022-05-21 12:39:00,60,1,ffill,False,1.4142135623730951,1.0
soil_moisture,2022-05-21 12:39:00,60,1,linear,False,1.1384967559848287,0.9868852459016395
soil_moisture,2022-05-21 12:39:00,60,1,spline3,False,1.0718762277634089,1.013004196725265
soil_moisture,2022-05-21 12:39:00,60,1,knn,False,1.2581732790041282,1.16
soil_moisture,2022-05-21 12:39:00,60,1,iterative,False,1.059349069861577,0.9899412013254968
soil_moisture,2022-05-21 12:39:00,60,1,profile,False,2.685576458870311,2.480641356394295
soil_moisture,2022-05-21 12:39:00,60,1,hybrid,False,1.1384967559848287,0.9868852459016395
soil_moisture,2022-05-21 12:39:00,60,2,ffill,False,1.1832159566199232,0.9
soil_moisture,2022-05-21 12:39:00,60,2,linear,False,1.1832159566199232,0.9
soil_moisture,2022-05-21 12:39:00,60,2,spline3,False,1.6067011002981932,1.2915913792175786
soil_moisture,2022-05-21 12:39:00,60,2,knn,False,1.3101526628603242,1.121666666666666
soil_moisture,2022-05-21 12:39:00,60,2,iterative,False,1.1632316097933313,1.0276013352686948
soil_moisture,2022-05-21 12:39:00,60,2,profile,False,1.224010475337729,0.9650537634408602
soil_moisture,2022-05-21 12:39:00,60,2,hybrid,False,1.1832159566199232,0.9
soil_moisture,2022-05-21 12:39:00,60,3,ffill,False,1.8618986725025255,1.4666666666666666
soil_moisture,2022-05-21 12:39:00,60,3,linear,False,1.4982685817867902,1.1606557377049176
soil_moisture,2022-05-21 12:39:00,60,3,spline3,False,1.281537119756712,1.2001943360074128
soil_moisture,2022-05-21 12:39:00,60,3,knn,False,1.3919410907075063,1.1983333333333337
soil_moisture,2022-05-21 12:39:00,60,3,iterative,False,1.327130406337022,1.2450275853635284
soil_moisture,2022-05-21 12:39:00,60,3,profile,False,1.338519342931035,1.1695836822599215
soil_moisture,2022-05-21 12:39:00,60,3,hybrid,False,1.4982685817867902,1.1606557377049176
soil_moisture,2022-05-21 12:39:00,60,4,ffill,False,1.570562531918633,1.3
soil_moisture,2022-05-21 12:39:00,60,4,linear,False,1.4099567873082148,1.2464480874316939
soil_moisture,2022-05-21 12:39:00,60,4,spline3,False,2.2452980016864728,1.8669690844662148
soil_moisture,2022-05-21 12:39:00,60,4,knn,False,1.4049911031746785,1.2899999999999998
soil_moisture,2022-05-21 12:39:00,60,4,iterative,False,1.203503822062829,1.1436349423609908
soil_moisture,2022-05-21 12:39:00,60,4,profile,False,1.5799094127649402,1.3666910567146775
soil_moisture,2022-05-21 12:39:00,60,4,hybrid,False,1.4099567873082148,1.2464480874316939
soil_moisture,2022-05-21 12:39:00,240,0,ffill,False,1.5929532322073992,1.1541666666666666
soil_moisture,2022-05-21 12:39:00,240,0,linear,False,1.5929532322073992,1.1541666666666666
soil_moisture,2022-05-21 12:39:00,240,0,spline3,False,8.736156422726127,7.916151339983153
soil_moisture,2022-05-21 12:39:00,240,0,knn,False,1.2042805597810946,1.0745833333333332
soil_moisture,2022-05-21 12:39:00,240,0,iterative,False,1.206804670667612,1.1038236528802696
soil_moisture,2022-05-21 12:39:00,240,0,profile,False,1.4781062660824178,1.2149626741123185
soil_moisture,2022-05-21 12:39:00,240,0,hybrid,False,1.4781062660824178,1.2149626741123185
soil_moisture,2022-05-21 12:39:00,240,1,ffill,False,1.358614490329517,1.0041666666666667
soil_moisture,2022-05-21 12:39:00,240,1,linear,False,1.3396741516659083,1.12539764868603
soil_moisture,2022-05-21 12:39:00,240,1,spline3,False,6.8387269660631596,5.8888996654953
soil_moisture,2022-05-21 12:39:00,240,1,knn,False,1.3746060041577977,1.2454166666666666
soil_moisture,2022-05-21 12:39:00,240,1,iterative,False,6.5706533710018835,2.371999740930943
soil_moisture,2022-05-21 12:39:00,240,1,profile,False,1.3781069041507827,1.1917837532377007
soil_moisture,2022-05-21 12:39:00,240,1,hybrid,False,1.3781069041507827,1.1917837532377007
soil_moisture,2022-05-21 12:39:00,240,2,ffill,False,1.8314384146529925,1.3708333333333333
soil_moisture,2022-05-21 12:39:00,240,2,linear,False,1.4568541203831826,1.2866701244813281
soil_moisture,2022-05-21 12:39:00,240,2,spline3,False,1.8010110663585268,1.5202710121673157
soil_moisture,2022-05-21 12:39:00,240,2,knn,False,1.3843921650553594,1.2520833333333334
soil_moisture,2022-05-21 12:39:00,240,2,iterative,False,1.3461260642164146,1.2445968821969877
soil_moisture,2022-05-21 12:39:00,240,2,profile,False,1.4055601080379003,1.1900063427121996
soil_moisture,2022-05-21 12:39:00,240,2,hybrid,False,1.4055601080379003,1.1900063427121996
soil_moisture,2022-05-21 12:39:00,240,3,ffill,False,2.140872096444188,1.8166666666666667
soil_moisture,2022-05-21 12:39:00,240,3,linear,False,1.4213229961815195,1.1748271092669433
soil_moisture,2022-05-21 12:39:00,240,3,spline3,False,6.414346766005849,5.725185154347181
soil_moisture,2022-05-21 12:39:00,240,3,knn,False,1.3044155779505244,1.1283333333333334
soil_moisture,2022-05-21 12:39:00,240,3,iterative,False,1.1619018226712863,1.0558424189606375
soil_moisture,2022-05-21 12:39:00,240,3,profile,False,1.466699056489033,1.2030218138972646
soil_moisture,2022-05-21 12:39:00,240,3,hybrid,False,1.466699056489033,1.2030218138972646
soil_moisture,2022-05-21 12:39:00,240,4,ffill,False,1.4023789311975086,1.0833333333333333
soil_moisture,2022-05-21 12:39:00,240,4,linear,False,1.398403555293613,1.205255878284924
soil_moisture,2022-05-21 12:39:00,240,4,spline3,False,1.6140110076036456,1.3523522609040652
soil_moisture,2022-05-21 12:39:00,240,4,knn,False,1.305038313613819,1.1854166666666666
soil_moisture,2022-05-21 12:39:00,240,4,iterative,False,1.3084891012515916,1.2197617251987183
soil_moisture,2022-05-21 12:39:00,240,4,profile,False,1.6618825778283701,1.3557695281611855
soil_moisture,2022-05-21 12:39:00,240,4,hybrid,False,1.6618825778283701,1.3557695281611855
soil_moisture,2022-05-21 12:39:00,720,0,ffill,False,1.9780040444852482,1.5680555555555555
soil_moisture,2022-05-21 12:39:00,720,0,linear,False,1.5511586003837454,1.1879892895669595
soil_moisture,2022-05-21 12:39:00,720,0,spline3,False,8.974402605309272,7.4959443608732235
soil_moisture,2022-05-21 12:39:00,720,0,knn,False,1.1951290027998371,1.0719444444444444
soil_moisture,2022-05-21 12:39:00,720,0,iterative,False,1.1820082286392393,1.0708240623124792
soil_moisture,2022-05-21 12:39:00,720,0,profile,False,1.3536472493932057,1.1445817187303906
soil_moisture,2022-05-21 12:39:00,720,0,hybrid,False,1.3536472493932057,1.1445817187303906
soil_moisture,2022-05-21 12:39:00,720,1,ffill,False,1.9253426823411057,1.5069444444444444
soil_moisture,2022-05-21 12:39:00,720,1,linear,False,1.5062431079345522,1.146842733857297
soil_moisture,2022-05-21 12:39:00,720,1,spline3,False,7.680886668877793,6.451298401547344
soil_moisture,2022-05-21 12:39:00,720,1,knn,False,1.167553234570294,1.072361111111111
soil_moisture,2022-05-21 12:39:00,720,1,iterative,False,1.1840113504445884,1.0645657279799925
soil_moisture,2022-05-21 12:39:00,720,1,profile,False,1.4351904780381617,1.2031485870099605
soil_moisture,2022-05-21 12:39:00,720,1,hybrid,False,1.4351904780381617,1.2031485870099605
soil_moisture,2022-05-21 12:39:00,720,2,ffill,False,1.595566774952817,1.1680555555555556
soil_moisture,2022-05-21 12:39:00,720,2,linear,False,1.4163838068487238,1.1793169209431345
soil_moisture,2022-05-21 12:39:00,720,2,spline3,False,1.4714788221860047,1.2173224306121015
soil_moisture,2022-05-21 12:39:00,720,2,knn,False,1.3983174413081845,1.183194444444445
soil_moisture,2022-05-21 12:39:00,720,2,iterative,False,2.857842808947649,1.395553190778467
soil_moisture,2022-05-21 12:39:00,720,2,profile,False,1.3934035784107028,1.1989661771135045
soil_moisture,2022-05-21 12:39:00,720,2,hybrid,False,1.3934035784107028,1.1989661771135045
soil_moisture,2022-05-21 12:39:00,720,3,ffill,False,1.1832159566199232,1.1055555555555556
soil_moisture,2022-05-21 12:39:00,720,3,linear,False,1.3861685487314925,1.150643396517183
soil_moisture,2022-05-21 12:39:00,720,3,spline3,False,2.9430674681665496,2.5737457062590017
soil_moisture,2022-05-21 12:39:00,720,3,knn,False,1.4159655127626996,1.1784722222222226
soil_moisture,2022-05-21 12:39:00,720,3,iterative,False,3.4955823574668945,1.4745330960887815
soil_moisture,2022-05-21 12:39:00,720,3,profile,False,1.38184164513136,1.185015186472326
soil_moisture,2022-05-21 12:39:00,720,3,hybrid,False,1.38184164513136,1.185015186472326
soil_moisture,2022-05-21 12:39:00,720,4,ffill,False,1.3374935098492586,1.0916666666666666
soil_moisture,2022-05-21 12:39:00,720,4,linear,False,1.3407617848303928,1.0928417321621204
soil_moisture,2022-05-21 12:39:00,720,4,spline3,False,8.75721523108642,7.138104918349202
soil_moisture,2022-05-21 12:39:00,720,4,knn,False,1.1609682261897705,1.0259722222222223
soil_moisture,2022-05-21 12:39:00,720,4,iterative,False,1.2156425087420824,1.0708091401667352
soil_moisture,2022-05-21 12:39:00,720,4,profile,False,1.7127891813112348,1.4114584700371808
soil_moisture,2022-05-21 12:39:00,720,4,hybrid,False,1.7127891813112348,1.4114584700371808
humidity,2022-04-23 07:07:00,5,0,ffill,True,0.1414213562373085,0.07999999999999971
humidity,2022-04-23 07:07:00,5,0,linear,True,0.0829993306532575,0.073333333333332
humidity,2022-04-23 07:07:00,5,0,spline3,True,0.1121868902477326,0.09857972750589852
humidity,2022-04-23 07:07:00,5,0,knn,True,3.821710036184719,3.81993031358885
humidity,2022-04-23 07:07:00,5,0,iterative,True,3.8217100361846907,3.8199303135888214
humidity,2022-04-23 07:07:00,5,0,profile,True,1.437699289652803,1.4316194656033416
humidity,2022-04-23 07:07:00,5,0,hybrid,True,0.0829993306532575,0.073333333333332
humidity,2022-04-23 07:07:00,5,1,ffill,True,1.0029955134495856,0.859999999999998
humidity,2022-04-23 07:07:00,5,1,linear,True,0.5581716183715846,0.43999999999999917
humidity,2022-04-23 07:07:00,5,1,spline3,True,0.6820273839008544,0.607334137100905
humidity,2022-04-23 07:07:00,5,1,knn,True,1.3235599233108086,1.1372822299651546
humidity,2022-04-23 07:07:00,5,1,iterative,True,1.3235599233108208,1.1372822299651688
humidity,2022-04-23 07:07:00,5,1,profile,True,3.396777350121393,3.328852240696064
humidity,2022-04-23 07:07:00,5,1,hybrid,True,0.5581716183715846,0.43999999999999917
humidity,2022-04-23 07:07:00,5,2,ffill,True,0.07745966692414394,0.05999999999999659
humidity,2022-04-23 07:07:00,5,2,linear,True,0.04887626099538116,0.04333333333333087
humidity,2022-04-23 07:07:00,5,2,spline3,True,0.3001722239378725,0.29642316423693843
humidity,2022-04-23 07:07:00,5,2,knn,True,3.9005167229133524,3.9002090592334553
humidity,2022-04-23 07:07:00,5,2,iterative,True,3.9005167229133306,3.900209059233434
humidity,2022-04-23 07:07:00,5,2,profile,True,1.2224325798008442,1.2212114629058035
humidity,2022-04-23 07:07:00,5,2,hybrid,True,0.04887626099538116,0.04333333333333087
humidity,2022-04-23 07:07:00,5,3,ffill,True,0.7823042886243188,0.7200000000000003
humidity,2022-04-23 07:07:00,5,3,linear,True,1.3890844306792718,1.3400000000000005
humidity,2022-04-23 07:07:00,5,3,spline3,True,1.0178378324492263,0.7683756210721157
humidity,2022-04-23 07:07:00,5,3,knn,True,14.972056951983223,14.965296167247383
humidity,2022-04-23 07:07:00,5,3,iterative,True,14.972056951983223,14.965296167247383
humidity,2022-04-23 07:07:00,5,3,profile,True,7.442974542066351,7.3958055091072294
humidity,2022-04-23 07:07:00,5,3,hybrid,True,1.3890844306792718,1.3400000000000005
humidity,2022-04-23 07:07:00,5,4,ffill,True,0.06324555320336624,0.03999999999999915
humidity,2022-04-23 07:07:00,5,4,linear,True,0.07564537145273267,0.06999999999999744
humidity,2022-04-23 07:07:00,5,4,spline3,True,0.3103830018712896,0.30450869066832664
humidity,2022-04-23 07:07:00,5,4,knn,True,3.840520798016861,3.840000000000009
humidity,2022-04-23 07:07:00,5,4,iterative,True,3.840520798016854,3.840000000000002
humidity,2022-04-23 07:07:00,5,4,profile,True,1.0771204771085767,1.0748969748761354
humidity,2022-04-23 07:07:00,5,4,hybrid,True,0.07564537145273267,0.06999999999999744
humidity,2022-04-23 07:07:00,15,0,ffill,True,0.06324555320336848,0.04000000000000057
humidity,2022-04-23 07:07:00,15,0,linear,True,0.077862057511988,0.06500000000000057
humidity,2022-04-23 07:07:00,15,0,spline3,True,0.33186783557855426,0.32483433535817974
humidity,2022-04-23 07:07:00,15,0,knn,True,3.7798740566680418,3.779368421052636
humidity,2022-04-23 07:07:00,15,0,iterative,True,3.779874056668034,3.779368421052629
humidity,2022-04-23 07:07:00,15,0,profile,True,0.9302029604950564,0.9280360368390405
humidity,2022-04-23 07:07:00,15,0,hybrid,True,0.077862057511988,0.06500000000000057
humidity,2022-04-23 07:07:00,15,1,ffill,True,0.0683130051063983,0.04666666666666733
humidity,2022-04-23 07:07:00,15,1,linear,True,0.10398317171542891,0.09083333333333457
humidity,2022-04-23 07:07:00,15,1,spline3,True,0.40742675520692073,0.40174962718590734
humidity,2022-04-23 07:07:00,15,1,knn,True,3.80004680666448,3.7995789473684263
humidity,2022-04-23 07:07:00,15,1,iterative,True,3.800046806664466,3.799578947368412
humidity,2022-04-23 07:07:00,15,1,profile,True,0.9285724675491015,0.9267321319154438
humidity,2022-04-23 07:07:00,15,1,hybrid,True,0.10398317171542891,0.09083333333333457
humidity,2022-04-23 07:07:00,15,2,ffill,True,0.16931233465600523,0.1400000000000015
humidity,2022-04-23 07:07:00,15,2,linear,True,0.16931233465600523,0.1400000000000015
humidity,2022-04-23 07:07:00,15,2,spline3,True,0.23834202144525848,0.21243518207959794
humidity,2022-04-23 07:07:00,15,2,knn,True,2.1354707621056215,2.1288421052631628
humidity,2022-04-23 07:07:00,15,2,iterative,True,2.1354707621055717,2.128842105263113
humidity,2022-04-23 07:07:00,15,2,profile,True,0.890153262610404,0.8703748290353233
humidity,2022-04-23 07:07:00,15,2,hybrid,True,0.16931233465600523,0.1400000000000015
humidity,2022-04-23 07:07:00,15,3,ffill,True,0.21134489978863133,0.16666666666666666
humidity,2022-04-23 07:07:00,15,3,linear,True,0.19832633040857878,0.18999999999999867
humidity,2022-04-23 07:07:00,15,3,spline3,True,0.1956529944903978,0.16605398706143384
humidity,2022-04-23 07:07:00,15,3,knn,True,0.2224871304995402,0.17960233918128665
humidity,2022-04-23 07:07:00,15,3,iterative,True,0.22248713049953375,0.17960233918128002
humidity,2022-04-23 07:07:00,15,3,profile,True,4.667730466227044,4.664086204247545
humidity,2022-04-23 07:07:00,15,3,hybrid,True,0.19832633040857878,0.18999999999999867
humidity,2022-04-23 07:07:00,15,4,ffill,True,0.09309493362512658,0.0733333333333339
humidity,2022-04-23 07:07:00,15,4,linear,True,0.1280462156150417,0.10333333333333504
humidity,2022-04-23 07:07:00,15,4,spline3,True,0.10682303079868892,0.09477279722638011
humidity,2022-04-23 07:07:00,15,4,knn,True,2.79040680497899,2.789052631578956
humidity,2022-04-23 07:07:00,15,4,iterative,True,2.790406804978941,2.7890526315789064
humidity,2022-04-23 07:07:00,15,4,profile,True,0.12285953985525065,0.10639442453029156
humidity,2022-04-23 07:07:00,15,4,hybrid,True,0.1280462156150417,0.10333333333333504
humidity,2022-04-23 07:07:00,60,0,ffill,True,0.8280499179799868,0.7599999999999976
humidity,2022-04-23 07:07:00,60,0,linear,True,0.23194355823702054,0.18972677595628346
humidity,2022-04-23 07:07:00,60,0,spline3,True,0.5655454874738292,0.4859456218106374
humidity,2022-04-23 07:07:00,60,0,knn,True,1.5109766409768914,1.4747826086956486
humidity,2022-04-23 07:07:00,60,0,iterative,True,1.510976640976884,1.4747826086956413
humidity,2022-04-23 07:07:00,60,0,profile,True,2.0905837299681322,2.074455164267525
humidity,2022-04-23 07:07:00,60,0,hybrid,True,0.23194355823702054,0.18972677595628346
humidity,2022-04-23 07:07:00,60,1,ffill,True,0.24698178070457266,0.20666666666666902
humidity,2022-04-23 07:07:00,60,1,linear,True,0.10796174185755691,0.09322404371584565
humidity,2022-04-23 07:07:00,60,1,spline3,True,0.3978835150569843,0.387615203436557
humidity,2022-04-23 07:07:00,60,1,knn,True,3.7772105659779385,3.7739130434782653
humidity,2022-04-23 07:07:00,60,1,iterative,True,3.7772105659779958,3.773913043478322
humidity,2022-04-23 07:07:00,60,1,profile,True,0.7719906886593088,0.7414397364975382
humidity,2022-04-23 07:07:00,60,1,hybrid,True,0.10796174185755691,0.09322404371584565
humidity,2022-04-23 07:07:00,60,2,ffill,True,0.4540557968649511,0.38499999999999895
humidity,2022-04-23 07:07:00,60,2,linear,True,0.2012053840168715,0.15401639344262227
humidity,2022-04-23 07:07:00,60,2,spline3,True,0.17249385466699213,0.1297360039151568
humidity,2022-04-23 07:07:00,60,2,knn,True,1.1777274114592904,1.1495652173913116
humidity,2022-04-23 07:07:00,60,2,iterative,True,1.1777274114592278,1.1495652173912476
humidity,2022-04-23 07:07:00,60,2,profile,True,3.3826770128357464,3.365236280332759
humidity,2022-04-23 07:07:00,60,2,hybrid,True,0.2012053840168715,0.15401639344262227
humidity,2022-04-23 07:07:00,60,3,ffill,True,0.4115013163202936,0.3166666666666682
humidity,2022-04-23 07:07:00,60,3,linear,True,0.2370584765653316,0.20114754098360746
humidity,2022-04-23 07:07:00,60,3,spline3,True,0.383914962737551,0.33211284944694375
humidity,2022-04-23 07:07:00,60,3,knn,True,0.34904252868454066,0.2991884057971017
humidity,2022-04-23 07:07:00,60,3,iterative,True,0.3490425286845601,0.2991884057971159
humidity,2022-04-23 07:07:00,60,3,profile,True,4.9232523255175344,4.916260123250007
humidity,2022-04-23 07:07:00,60,3,hybrid,True,0.2370584765653316,0.20114754098360746
humidity,2022-04-23 07:07:00,60,4,ffill,True,0.17272328544042068,0.1316666666666664
humidity,2022-04-23 07:07:00,60,4,linear,True,0.15379533628976072,0.12592896174863252
humidity,2022-04-23 07:07:00,60,4,spline3,True,0.3325725305916431,0.2945886628455388
humidity,2022-04-23 07:07:00,60,4,knn,True,0.3630014656474112,0.3341570048309136
humidity,2022-04-23 07:07:00,60,4,iterative,True,0.3630014656473657,0.3341570048308655
humidity,2022-04-23 07:07:00,60,4,profile,True,4.221297517989998,4.209247500529106
humidity,2022-04-23 07:07:00,60,4,hybrid,True,0.15379533628976072,0.12592896174863252
humidity,2022-04-23 07:07:00,240,0,ffill,True,1.0239018507650037,0.8695833333333336
humidity,2022-04-23 07:07:00,240,0,linear,True,0.2202573780522343,0.17851141078838104
humidity,2022-04-23 07:07:00,240,0,spline3,True,0.4221625526550106,0.37479779019224124
humidity,2022-04-23 07:07:00,240,0,knn,True,1.3088046364484274,1.1865000000000052
humidity,2022-04-23 07:07:00,240,0,iterative,True,1.3088046364482602,1.1864999999998205
humidity,2022-04-23 07:07:00,240,0,profile,True,3.75138842118515,3.6173846256084734
humidity,2022-04-23 07:07:00,240,0,hybrid,True,3.75138842118515,3.6173846256084734
humidity,2022-04-23 07:07:00,240,1,ffill,True,10.639905231407528,10.349999999999998
humidity,2022-04-23 07:07:00,240,1,linear,True,5.613922964485319,5.100363070539417
humidity,2022-04-23 07:07:00,240,1,spline3,True,6.805185716871353,6.470582269314322
humidity,2022-04-23 07:07:00,240,1,knn,True,2.95455484520652,1.8696833333333316
humidity,2022-04-23 07:07:00,240,1,iterative,True,2.9545548452066344,1.8696833333334346
humidity,2022-04-23 07:07:00,240,1,profile,True,5.271658028706379,4.851218166636388
humidity,2022-04-23 07:07:00,240,1,hybrid,True,5.271658028706379,4.851218166636388
humidity,2022-04-23 07:07:00,240,2,ffill,True,1.413579970618336,1.2070833333333335
humidity,2022-04-23 07:07:00,240,2,linear,True,1.417543520838654,1.22274377593361
humidity,2022-04-23 07:07:00,240,2,spline3,True,1.4250816810509692,1.2749692310267184
humidity,2022-04-23 07:07:00,240,2,knn,True,1.9048164008201212,1.5396979166666642
humidity,2022-04-23 07:07:00,240,2,iterative,True,1.9048164008202726,1.5396979166667866
humidity,2022-04-23 07:07:00,240,2,profile,True,5.135458616166056,4.776107309875394
humidity,2022-04-23 07:07:00,240,2,hybrid,True,5.135458616166056,4.776107309875394
humidity,2022-04-23 07:07:00,240,3,ffill,True,1.4884695719653342,1.2279166666666663
humidity,2022-04-23 07:07:00,240,3,linear,True,1.5798458899403052,1.267003803596128
humidity,2022-04-23 07:07:00,240,3,spline3,True,1.5446269819060863,1.262852734087887
humidity,2022-04-23 07:07:00,240,3,knn,True,1.9345956565046476,1.5706437499999955
humidity,2022-04-23 07:07:00,240,3,iterative,True,1.9345956565048104,1.5706437500001549
humidity,2022-04-23 07:07:00,240,3,profile,True,2.591653421031185,2.492637038092272
humidity,2022-04-23 07:07:00,240,3,hybrid,True,2.591653421031185,2.492637038092272
humidity,2022-04-23 07:07:00,240,4,ffill,True,2.184280964833355,1.7633333333333334
humidity,2022-04-23 07:07:00,240,4,linear,True,2.040590692285933,1.6176763485477177
humidity,2022-04-23 07:07:00,240,4,spline3,True,3.885083245730488,3.7691133920290616
humidity,2022-04-23 07:07:00,240,4,knn,True,2.008308326262009,1.6197916666666619
humidity,2022-04-23 07:07:00,240,4,iterative,True,2.0083083262621666,1.6197916666667997
humidity,2022-04-23 07:07:00,240,4,profile,True,5.241706811089702,4.923002471165716
humidity,2022-04-23 07:07:00,240,4,hybrid,True,5.241706811089702,4.923002471165716
humidity,2022-04-23 07:07:00,720,0,ffill,True,3.669349397372785,3.3829166666666697
humidity,2022-04-23 07:07:00,720,0,linear,True,0.7292138978164686,0.5144280705809839
humidity,2022-04-23 07:07:00,720,0,spline3,True,1.7430210683861767,1.4363227831794831
humidity,2022-04-23 07:07:00,720,0,knn,True,1.5552797064443995,1.2501948302469137
humidity,2022-04-23 07:07:00,720,0,iterative,True,1.5552797064444497,1.2501948302469716
humidity,2022-04-23 07:07:00,720,0,profile,True,3.9307782793680373,3.3999798068313543
humidity,2022-04-23 07:07:00,720,0,hybrid,True,3.9307782793680373,3.3999798068313543
humidity,2022-04-23 07:07:00,720,1,ffill,True,2.2196877908590835,1.7315277777777756
humidity,2022-04-23 07:07:00,720,1,linear,True,0.6077816547384819,0.4999081137309295
humidity,2022-04-23 07:07:00,720,1,spline3,True,1.427424626545741,1.3138178727543872
humidity,2022-04-23 07:07:00,720,1,knn,True,3.3427428389722187,3.0108333333333412
humidity,2022-04-23 07:07:00,720,1,iterative,True,3.3427428389721676,3.0108333333332844
humidity,2022-04-23 07:07:00,720,1,profile,True,4.213941247992711,3.6882227566023635
humidity,2022-04-23 07:07:00,720,1,hybrid,True,4.213941247992711,3.6882227566023635
humidity,2022-04-23 07:07:00,720,2,ffill,True,2.09554752855774,1.608472222222224
humidity,2022-04-23 07:07:00,720,2,linear,True,0.6628990422661083,0.542266335336723
humidity,2022-04-23 07:07:00,720,2,spline3,True,1.1349316507269767,1.0472747721099498
humidity,2022-04-23 07:07:00,720,2,knn,True,3.2408898758674303,2.9052777777777794
humidity,2022-04-23 07:07:00,720,2,iterative,True,3.240889875867392,2.9052777777777363
humidity,2022-04-23 07:07:00,720,2,profile,True,4.194713830290448,3.677786339338321
humidity,2022-04-23 07:07:00,720,2,hybrid,True,4.194713830290448,3.677786339338321
humidity,2022-04-23 07:07:00,720,3,ffill,True,3.4631953774256234,3.171388888888886
humidity,2022-04-23 07:07:00,720,3,linear,True,0.6542321355320984,0.4518527508090613
humidity,2022-04-23 07:07:00,720,3,spline3,True,2.4326902427435515,2.0583244836492485
humidity,2022-04-23 07:07:00,720,3,knn,True,1.7112136287831916,1.385307870370372
humidity,2022-04-23 07:07:00,720,3,iterative,True,1.711213628783262,1.38530787037045
humidity,2022-04-23 07:07:00,720,3,profile,True,3.9772434143240423,3.4473446577373674
humidity,2022-04-23 07:07:00,720,3,hybrid,True,3.9772434143240423,3.4473446577373674
humidity,2022-04-23 07:07:00,720,4,ffill,True,3.020807471153661,2.6261111111111113
humidity,2022-04-23 07:07:00,720,4,linear,True,1.148413211747416,0.9917460317460332
humidity,2022-04-23 07:07:00,720,4,spline3,True,1.500586390168715,1.2665686623962078
humidity,2022-04-23 07:07:00,720,4,knn,True,4.727797231974594,4.477777777777774
humidity,2022-04-23 07:07:00,720,4,iterative,True,4.7277972319745745,4.477777777777752
humidity,2022-04-23 07:07:00,720,4,profile,True,3.0348652336834263,2.4285892067218353
humidity,2022-04-23 07:07:00,720,4,hybrid,True,3.0348652336834263,2.4285892067218353
humidity,2022-04-24 09:01:00,5,0,ffill,True,0.07745966692414394,0.05999999999999659
humidity,2022-04-24 09:01:00,5,0,linear,True,0.04887626099538116,0.04333333333333087
humidity,2022-04-24 09:01:00,5,0,spline3,True,0.09477339531870277,0.08097559873983898
humidity,2022-04-24 09:01:00,5,0,knn,True,5.698120007332507,5.697909407665501
humidity,2022-04-24 09:01:00,5,0,iterative,True,5.698120007332784,5.697909407665778
humidity,2022-04-24 09:01:00,5,0,profile,True,2.495864312622967,2.4951577369307527
humidity,2022-04-24 09:01:00,5,0,hybrid,True,0.04887626099538116,0.04333333333333087
humidity,2022-04-24 09:01:00,5,1,ffill,True,0.06324555320336848,0.04000000000000057
humidity,2022-04-24 09:01:00,5,1,linear,True,0.07110243002567376,0.0700000000000017
humidity,2022-04-24 09:01:00,5,1,spline3,True,0.07197737716925927,0.07054881587205983
humidity,2022-04-24 09:01:00,5,1,knn,True,7.467965566110301,7.46780487804878
humidity,2022-04-24 09:01:00,5,1,iterative,True,7.46796556611001,7.467804878048488
humidity,2022-04-24 09:01:00,5,1,profile,True,1.4649281628573692,1.4647208738369173
humidity,2022-04-24 09:01:00,5,1,hybrid,True,0.07110243002567376,0.0700000000000017
humidity,2022-04-24 09:01:00,5,2,ffill,True,0.27928480087537666,0.259999999999998
humidity,2022-04-24 09:01:00,5,2,linear,True,0.1244989959798871,0.10999999999999943
humidity,2022-04-24 09:01:00,5,2,spline3,True,0.24524795218126347,0.2168535667257146
humidity,2022-04-24 09:01:00,5,2,knn,True,6.8025066273332895,6.801742160278742
humidity,2022-04-24 09:01:00,5,2,iterative,True,6.8025066273335595,6.801742160279012
humidity,2022-04-24 09:01:00,5,2,profile,True,4.6894210609164935,4.687932829658645
humidity,2022-04-24 09:01:00,5,2,hybrid,True,0.1244989959798871,0.10999999999999943
humidity,2022-04-24 09:01:00,5,3,ffill,True,0.27568097504180217,0.2399999999999963
humidity,2022-04-24 09:01:00,5,3,linear,True,0.1244989959798871,0.10999999999999943
humidity,2022-04-24 09:01:00,5,3,spline3,True,0.27017749062355245,0.2339447911974631
humidity,2022-04-24 09:01:00,5,3,knn,True,6.000488108365608,5.99895470383275
humidity,2022-04-24 09:01:00,5,3,iterative,True,6.0004881083659,5.998954703833041
humidity,2022-04-24 09:01:00,5,3,profile,True,2.901550834771215,2.898817397490498
humidity,2022-04-24 09:01:00,5,3,hybrid,True,0.1244989959798871,0.10999999999999943
humidity,2022-04-24 09:01:00,5,4,ffill,True,0.24494897427831433,0.2399999999999963
humidity,2022-04-24 09:01:00,5,4,linear,True,0.1959308267958072,0.18999999999999914
humidity,2022-04-24 09:01:00,5,4,spline3,True,0.40612783959726456,0.4033807416723249
humidity,2022-04-24 09:01:00,5,4,knn,True,6.380466822429539,6.38027874564459
humidity,2022-04-24 09:01:00,5,4,iterative,True,6.380466822429837,6.380278745644889
humidity,2022-04-24 09:01:00,5,4,profile,True,3.6036741546808573,3.6032995289740826
humidity,2022-04-24 09:01:00,5,4,hybrid,True,0.1959308267958072,0.18999999999999914
humidity,2022-04-24 09:01:00,15,0,ffill,True,0.12649110640673175,0.09333333333332992
humidity,2022-04-24 09:01:00,15,0,linear,True,0.12272937708633609,0.113333333333334
humidity,2022-04-24 09:01:00,15,0,spline3,True,0.10096008415077913,0.08773663704195987
humidity,2022-04-24 09:01:00,15,0,knn,True,5.77221035952392,5.771578947368422
humidity,2022-04-24 09:01:00,15,0,iterative,True,5.772210359524198,5.771578947368698
humidity,2022-04-24 09:01:00,15,0,profile,True,2.5277046931199716,2.5253806887915022
humidity,2022-04-24 09:01:00,15,0,hybrid,True,0.12272937708633609,0.113333333333334
humidity,2022-04-24 09:01:00,15,1,ffill,True,0.08563488385776653,0.05999999999999943
humidity,2022-04-24 09:01:00,15,1,linear,True,0.11392614566755936,0.1049999999999964
humidity,2022-04-24 09:01:00,15,1,spline3,True,0.18754966847004276,0.1722604083020708
humidity,2022-04-24 09:01:00,15,1,knn,True,5.671168978874622,5.670526315789474
humidity,2022-04-24 09:01:00,15,1,iterative,True,5.671168978874898,5.67052631578975
humidity,2022-04-24 09:01:00,15,1,profile,True,2.215659028019764,2.214182047025802
humidity,2022-04-24 09:01:00,15,1,hybrid,True,0.11392614566755936,0.1049999999999964
humidity,2022-04-24 09:01:00,15,2,ffill,True,0.15275252316519683,0.12666666666666845
humidity,2022-04-24 09:01:00,15,2,linear,True,0.052440442408509,0.04333333333333466
humidity,2022-04-24 09:01:00,15,2,spline3,True,0.40731130852233083,0.40531395115017027
humidity,2022-04-24 09:01:00,15,2,knn,True,6.725805039682999,6.725263157894741
humidity,2022-04-24 09:01:00,15,2,iterative,True,6.725805039682723,6.725263157894465
humidity,2022-04-24 09:01:00,15,2,profile,True,0.1678541440273313,0.14147281526942995
humidity,2022-04-24 09:01:00,15,2,hybrid,True,0.052440442408509,0.04333333333333466
humidity,2022-04-24 09:01:00,15,3,ffill,True,0.08944271909998967,0.0533333333333322
humidity,2022-04-24 09:01:00,15,3,linear,True,0.07945124291035123,0.06916666666666439
humidity,2022-04-24 09:01:00,15,3,spline3,True,0.15497502555532588,0.14098108948326077
humidity,2022-04-24 09:01:00,15,3,knn,True,5.704849394806209,5.704210526315791
humidity,2022-04-24 09:01:00,15,3,iterative,True,5.704849394806479,5.704210526316063
humidity,2022-04-24 09:01:00,15,3,profile,True,2.341130634215913,2.338161673511372
humidity,2022-04-24 09:01:00,15,3,hybrid,True,0.07945124291035123,0.06916666666666439
humidity,2022-04-24 09:01:00,15,4,ffill,True,0.07302967433401865,0.053333333333330776
humidity,2022-04-24 09:01:00,15,4,linear,True,0.07302967433401865,0.053333333333330776
humidity,2022-04-24 09:01:00,15,4,spline3,True,0.3593204086101821,0.3545687318208375
humidity,2022-04-24 09:01:00,15,4,knn,True,6.728487959397707,6.728210526315792
humidity,2022-04-24 09:01:00,15,4,iterative,True,6.728487959398007,6.728210526316086
humidity,2022-04-24 09:01:00,15,4,profile,True,4.83882459243334,4.838073388282163
humidity,2022-04-24 09:01:00,15,4,hybrid,True,0.07302967433401865,0.053333333333330776
humidity,2022-04-24 09:01:00,60,0,ffill,True,1.4742794850366758,1.2983333333333358
humidity,2022-04-24 09:01:00,60,0,linear,True,0.19594941914531927,0.15232240437158495
humidity,2022-04-24 09:01:00,60,0,spline3,True,0.8408990587939974,0.7947646483763965
humidity,2022-04-24 09:01:00,60,0,knn,True,1.7296799691362479,1.5823913043478266
humidity,2022-04-24 09:01:00,60,0,iterative,True,1.7296799691365405,1.5823913043481461
humidity,2022-04-24 09:01:00,60,0,profile,True,2.0455092360571347,2.0120455369947505
humidity,2022-04-24 09:01:00,60,0,hybrid,True,0.19594941914531927,0.15232240437158495
humidity,2022-04-24 09:01:00,60,1,ffill,True,0.1443375672974071,0.10833333333333428
humidity,2022-04-24 09:01:00,60,1,linear,True,0.1791372767863434,0.15778688524590337
humidity,2022-04-24 09:01:00,60,1,spline3,True,0.14722117144732683,0.10378361144221238
humidity,2022-04-24 09:01:00,60,1,knn,True,6.150990734794982,6.149347826086958
humidity,2022-04-24 09:01:00,60,1,iterative,True,6.150990734795218,6.149347826087192
humidity,2022-04-24 09:01:00,60,1,profile,True,3.096939217799279,3.0925195114058592
humidity,2022-04-24 09:01:00,60,1,hybrid,True,0.1791372767863434,0.15778688524590337
humidity,2022-04-24 09:01:00,60,2,ffill,True,0.8676596875119464,0.8349999999999971
humidity,2022-04-24 09:01:00,60,2,linear,True,0.36770964430330216,0.288606557377049
humidity,2022-04-24 09:01:00,60,2,spline3,True,0.22627432291907773,0.16921252399872688
humidity,2022-04-24 09:01:00,60,2,knn,True,8.400049783061291,8.396739130434785
humidity,2022-04-24 09:01:00,60,2,iterative,True,8.400049783060993,8.396739130434488
humidity,2022-04-24 09:01:00,60,2,profile,True,2.9506189660133444,2.936477514554354
humidity,2022-04-24 09:01:00,60,2,hybrid,True,0.36770964430330216,0.288606557377049
humidity,2022-04-24 09:01:00,60,3,ffill,True,0.25396850198400484,0.15833333333333285
humidity,2022-04-24 09:01:00,60,3,linear,True,0.2517751186724238,0.22139344262294974
humidity,2022-04-24 09:01:00,60,3,spline3,True,0.47864319753587536,0.4029759224599625
humidity,2022-04-24 09:01:00,60,3,knn,True,2.7735156190093613,2.764999999999999
humidity,2022-04-24 09:01:00,60,3,iterative,True,2.7735156190096446,2.765000000000283
humidity,2022-04-24 09:01:00,60,3,profile,True,1.4530737617386023,1.4507552144141052
humidity,2022-04-24 09:01:00,60,3,hybrid,True,0.2517751186724238,0.22139344262294974
humidity,2022-04-24 09:01:00,60,4,ffill,True,0.5216959523196142,0.45500000000000257
humidity,2022-04-24 09:01:00,60,4,linear,True,0.12061998311999957,0.09560109289617552
humidity,2022-04-24 09:01:00,60,4,spline3,True,0.1351413191581344,0.1124364718003657
humidity,2022-04-24 09:01:00,60,4,knn,True,4.882979188906526,4.876304347826083
humidity,2022-04-24 09:01:00,60,4,iterative,True,4.882979188906795,4.876304347826352
humidity,2022-04-24 09:01:00,60,4,profile,True,0.4951821687908598,0.44926257605694303
humidity,2022-04-24 09:01:00,60,4,hybrid,True,0.12061998311999957,0.09560109289617552
humidity,2022-04-24 09:01:00,240,0,ffill,True,17.83403814806581,13.482500000000003
humidity,2022-04-24 09:01:00,240,0,linear,True,10.583017921482401,7.4295089903181175
humidity,2022-04-24 09:01:00,240,0,spline3,True,12.2588989769467,9.00186546141828
humidity,2022-04-24 09:01:00,240,0,knn,True,14.291306399978122,11.094079861111112
humidity,2022-04-24 09:01:00,240,0,iterative,True,14.291306399977644,11.09407986111094
humidity,2022-04-24 09:01:00,240,0,profile,True,9.43867237935655,7.809974165371394
humidity,2022-04-24 09:01:00,240,0,hybrid,True,9.43867237935655,7.809974165371394
humidity,2022-04-24 09:01:00,240,1,ffill,True,4.114704323115655,3.3854166666666647
humidity,2022-04-24 09:01:00,240,1,linear,True,0.5143411838348728,0.40690006915629306
humidity,2022-04-24 09:01:00,240,1,spline3,True,0.792151413387646,0.6811619903639816
humidity,2022-04-24 09:01:00,240,1,knn,True,2.683457419491169,2.3091486111111093
humidity,2022-04-24 09:01:00,240,1,iterative,True,2.683457419491002,2.3091486111109925
humidity,2022-04-24 09:01:00,240,1,profile,True,1.7341004200565178,1.3972026651825762
humidity,2022-04-24 09:01:00,240,1,hybrid,True,1.7341004200565178,1.3972026651825762
humidity,2022-04-24 09:01:00,240,2,ffill,True,4.999024904918957,4.524999999999998
humidity,2022-04-24 09:01:00,240,2,linear,True,0.7499850159867874,0.6175553250345777
humidity,2022-04-24 09:01:00,240,2,spline3,True,0.9419080948481849,0.8450383357978134
humidity,2022-04-24 09:01:00,240,2,knn,True,2.4660703685215513,2.152589583333337
humidity,2022-04-24 09:01:00,240,2,iterative,True,2.466070368521721,2.152589583333473
humidity,2022-04-24 09:01:00,240,2,profile,True,1.9209932282930784,1.7203777446951767
humidity,2022-04-24 09:01:00,240,2,hybrid,True,1.9209932282930784,1.7203777446951767
humidity,2022-04-24 09:01:00,240,3,ffill,True,1.8609921189157832,1.641249999999997
humidity,2022-04-24 09:01:00,240,3,linear,True,0.39036967796843264,0.32103215767634763
humidity,2022-04-24 09:01:00,240,3,spline3,True,0.7499942180809783,0.6368982916318922
humidity,2022-04-24 09:01:00,240,3,knn,True,5.166482184878471,5.0842499999999955
humidity,2022-04-24 09:01:00,240,3,iterative,True,5.1664821848787446,5.084250000000272
humidity,2022-04-24 09:01:00,240,3,profile,True,0.96513381290406,0.8311622929619384
humidity,2022-04-24 09:01:00,240,3,hybrid,True,0.96513381290406,0.8311622929619384
humidity,2022-04-24 09:01:00,240,4,ffill,True,18.059625780545215,14.112500000000004
humidity,2022-04-24 09:01:00,240,4,linear,True,11.770957223426647,8.241210235131396
humidity,2022-04-24 09:01:00,240,4,spline3,True,13.135678253587585,9.663967857303723
humidity,2022-04-24 09:01:00,240,4,knn,True,14.418517675246267,11.240139583333336
humidity,2022-04-24 09:01:00,240,4,iterative,True,14.418517675245702,11.240139583333042
humidity,2022-04-24 09:01:00,240,4,profile,True,9.448167941405396,7.74423742631934
humidity,2022-04-24 09:01:00,240,4,hybrid,True,9.448167941405396,7.74423742631934
humidity,2022-04-24 09:01:00,720,0,ffill,True,4.191239209483409,2.3343055555555545
humidity,2022-04-24 09:01:00,720,0,linear,True,14.480673219266668,12.757979465248882
humidity,2022-04-24 09:01:00,720,0,spline3,True,18.443418184223642,15.932295769752681
humidity,2022-04-24 09:01:00,720,0,knn,True,10.427453725800161,10.237054012345677
humidity,2022-04-24 09:01:00,720,0,iterative,True,10.427453725800103,10.237054012345617
humidity,2022-04-24 09:01:00,720,0,profile,True,6.070172295750732,5.824585194662073
humidity,2022-04-24 09:01:00,720,0,hybrid,True,6.070172295750732,5.824585194662073
humidity,2022-04-24 09:01:00,720,1,ffill,True,9.189020471313697,7.8387499999999966
humidity,2022-04-24 09:01:00,720,1,linear,True,1.175877508145482,0.8826130759747266
humidity,2022-04-24 09:01:00,720,1,spline3,True,1.0340332931937504,0.9199620376681469
humidity,2022-04-24 09:01:00,720,1,knn,True,5.229200199095673,4.526666666666666
humidity,2022-04-24 09:01:00,720,1,iterative,True,5.229200199095707,4.52666666666668
humidity,2022-04-24 09:01:00,720,1,profile,True,1.987740238693391,1.615812892307006
humidity,2022-04-24 09:01:00,720,1,hybrid,True,1.987740238693391,1.615812892307006
humidity,2022-04-24 09:01:00,720,2,ffill,True,8.610227284392025,7.599583333333332
humidity,2022-04-24 09:01:00,720,2,linear,True,1.9423613729262401,1.5502667976575746
humidity,2022-04-24 09:01:00,720,2,spline3,True,1.3914309678822796,1.0923987266991486
humidity,2022-04-24 09:01:00,720,2,knn,True,5.182514762087921,4.67168209876543
humidity,2022-04-24 09:01:00,720,2,iterative,True,5.1825147620878775,4.671682098765398
humidity,2022-04-24 09:01:00,720,2,profile,True,1.6455244058589715,1.3081641595604
humidity,2022-04-24 09:01:00,720,2,hybrid,True,1.6455244058589715,1.3081641595604
humidity,2022-04-24 09:01:00,720,3,ffill,True,2.3883426378046257,1.8768055555555567
humidity,2022-04-24 09:01:00,720,3,linear,True,8.580372076024114,7.614836839266453
humidity,2022-04-24 09:01:00,720,3,spline3,True,5.431830072504402,4.35235876156762
humidity,2022-04-24 09:01:00,720,3,knn,True,10.973066753714814,10.802371913580242
humidity,2022-04-24 09:01:00,720,3,iterative,True,10.973066753714773,10.8023719135802
humidity,2022-04-24 09:01:00,720,3,profile,True,6.206322979901787,5.974039887762435
humidity,2022-04-24 09:01:00,720,3,hybrid,True,6.206322979901787,5.974039887762435
humidity,2022-04-24 09:01:00,720,4,ffill,True,9.274930368112386,7.9683333333333355
humidity,2022-04-24 09:01:00,720,4,linear,True,1.4001587211614432,1.0511866235167218
humidity,2022-04-24 09:01:00,720,4,spline3,True,0.974502899123279,0.8872031628296775
humidity,2022-04-24 09:01:00,720,4,knn,True,4.957679899754114,4.373853395061729
humidity,2022-04-24 09:01:00,720,4,iterative,True,4.957679899754142,4.373853395061737
humidity,2022-04-24 09:01:00,720,4,profile,True,1.8202290821451503,1.4665939598103714
humidity,2022-04-24 09:01:00,720,4,hybrid,True,1.8202290821451503,1.4665939598103714
temperature,2022-05-20 10:25:00,5,0,ffill,True,0.2569046515733018,0.17999999999999972
temperature,2022-05-20 10:25:00,5,0,linear,True,0.11130538571375985,0.09666666666666686
temperature,2022-05-20 10:25:00,5,0,spline3,True,0.18954549181029132,0.18561318376124375
temperature,2022-05-20 10:25:00,5,0,knn,True,0.22393868907350645,0.20172822299651472
temperature,2022-05-20 10:25:00,5,0,iterative,True,0.22393868907351255,0.20172822299651685
temperature,2022-05-20 10:25:00,5,0,profile,True,0.2053185438272078,0.19496228694953288
temperature,2022-05-20 10:25:00,5,0,hybrid,True,0.11130538571375985,0.09666666666666686
temperature,2022-05-20 10:25:00,5,1,ffill,True,0.1183215956619928,0.10000000000000071
temperature,2022-05-20 10:25:00,5,1,linear,True,0.029814239699997087,0.02666666666666657
temperature,2022-05-20 10:25:00,5,1,spline3,True,0.07417844886014473,0.06341061319184149
temperature,2022-05-20 10:25:00,5,1,knn,True,0.11174567496528393,0.09527526132403921
temperature,2022-05-20 10:25:00,5,1,iterative,True,0.11174567496527514,0.09527526132403281
temperature,2022-05-20 10:25:00,5,1,profile,True,0.18795089469744916,0.17902918568618134
temperature,2022-05-20 10:25:00,5,1,hybrid,True,0.029814239699997087,0.02666666666666657
temperature,2022-05-20 10:25:00,5,2,ffill,True,0.0,0.0
temperature,2022-05-20 10:25:00,5,2,linear,True,0.055277079839257594,0.05000000000000071
temperature,2022-05-20 10:25:00,5,2,spline3,True,0.15018916374919314,0.15018865420871846
temperature,2022-05-20 10:25:00,5,2,knn,True,0.20891986062718004,0.20891986062718004
temperature,2022-05-20 10:25:00,5,2,iterative,True,0.2089198606271907,0.2089198606271907
temperature,2022-05-20 10:25:00,5,2,profile,True,0.36161278338510333,0.361557528936725
temperature,2022-05-20 10:25:00,5,2,hybrid,True,0.055277079839257594,0.05000000000000071
temperature,2022-05-20 10:25:00,5,3,ffill,True,0.12649110640673697,0.1200000000000017
temperature,2022-05-20 10:25:00,5,3,linear,True,0.039440531887331536,0.033333333333334283
temperature,2022-05-20 10:25:00,5,3,spline3,True,0.1330519404549652,0.12700959501176853
temperature,2022-05-20 10:25:00,5,3,knn,True,0.17698361983515723,0.17240418118466677
temperature,2022-05-20 10:25:00,5,3,iterative,True,0.17698361983514685,0.1724041811846561
temperature,2022-05-20 10:25:00,5,3,profile,True,0.21332768601475055,0.21075223840058116
temperature,2022-05-20 10:25:00,5,3,hybrid,True,0.039440531887331536,0.033333333333334283
temperature,2022-05-20 10:25:00,5,4,ffill,True,0.118321595661991,0.09999999999999858
temperature,2022-05-20 10:25:00,5,4,linear,True,0.029814239699997087,0.026666666666667282
temperature,2022-05-20 10:25:00,5,4,spline3,True,0.06414974008710092,0.04740545456194667
temperature,2022-05-20 10:25:00,5,4,knn,True,0.0637778776042044,0.04493379790940821
temperature,2022-05-20 10:25:00,5,4,iterative,True,0.06377787760420578,0.04493379790941461
temperature,2022-05-20 10:25:00,5,4,profile,True,0.14093010212183144,0.12594162808249648
temperature,2022-05-20 10:25:00,5,4,hybrid,True,0.029814239699997087,0.026666666666667282
temperature,2022-05-20 10:25:00,15,0,ffill,True,0.2113448997886314,0.19333333333333325
temperature,2022-05-20 10:25:00,15,0,linear,True,0.25960707489075263,0.23083333333333275
temperature,2022-05-20 10:25:00,15,0,spline3,True,0.15190000856893943,0.1376473363157082
temperature,2022-05-20 10:25:00,15,0,knn,True,0.22007581446409408,0.2021520467836254
temperature,2022-05-20 10:25:00,15,0,iterative,True,0.2200758144641033,0.20215204678363463
temperature,2022-05-20 10:25:00,15,0,profile,True,0.26033277678494143,0.23635016302094486
temperature,2022-05-20 10:25:00,15,0,hybrid,True,0.25960707489075263,0.23083333333333275
temperature,2022-05-20 10:25:00,15,1,ffill,True,0.17126976771553581,0.1333333333333338
temperature,2022-05-20 10:25:00,15,1,linear,True,0.17126976771553581,0.1333333333333338
temperature,2022-05-20 10:25:00,15,1,spline3,True,0.15767357185274128,0.13818299649085547
temperature,2022-05-20 10:25:00,15,1,knn,True,0.24667204705768503,0.20300350877192674
temperature,2022-05-20 10:25:00,15,1,iterative,True,0.24667204705768503,0.20300350877192674
temperature,2022-05-20 10:25:00,15,1,profile,True,0.2015395952495394,0.16759771118468242
temperature,2022-05-20 10:25:00,15,1,hybrid,True,0.17126976771553581,0.1333333333333338
temperature,2022-05-20 10:25:00,15,2,ffill,True,0.19832633040857875,0.1666666666666657
temperature,2022-05-20 10:25:00,15,2,linear,True,0.0943177254461397,0.0800000000000002
temperature,2022-05-20 10:25:00,15,2,spline3,True,0.1678662143710965,0.14975550478252847
temperature,2022-05-20 10:25:00,15,2,knn,True,0.1642015292182113,0.148350877192982
temperature,2022-05-20 10:25:00,15,2,iterative,True,0.1642015292182127,0.14835087719298415
temperature,2022-05-20 10:25:00,15,2,profile,True,0.18194147620935563,0.16332902060087542
temperature,2022-05-20 10:25:00,15,2,hybrid,True,0.0943177254461397,0.0800000000000002
temperature,2022-05-20 10:25:00,15,3,ffill,True,0.2909753712372682,0.2199999999999991
temperature,2022-05-20 10:25:00,15,3,linear,True,0.19213710382606058,0.15499999999999925
temperature,2022-05-20 10:25:00,15,3,spline3,True,0.20092201242866334,0.18917154299264377
temperature,2022-05-20 10:25:00,15,3,knn,True,0.19081139216706192,0.17946198830409277
temperature,2022-05-20 10:25:00,15,3,iterative,True,0.19081139216706122,0.17946198830409207
temperature,2022-05-20 10:25:00,15,3,profile,True,0.2080961519595103,0.1928009658189005
temperature,2022-05-20 10:25:00,15,3,hybrid,True,0.19213710382606058,0.15499999999999925
temperature,2022-05-20 10:25:00,15,4,ffill,True,0.27808871486152165,0.23999999999999938
temperature,2022-05-20 10:25:00,15,4,linear,True,0.19343388189938804,0.17499999999999952
temperature,2022-05-20 10:25:00,15,4,spline3,True,0.22493505358348773,0.2167707748731156
temperature,2022-05-20 10:25:00,15,4,knn,True,0.2202950426522898,0.19942923976608165
temperature,2022-05-20 10:25:00,15,4,iterative,True,0.22029504265229266,0.19942923976608048
temperature,2022-05-20 10:25:00,15,4,profile,True,0.21329887777536577,0.2016756687051488
temperature,2022-05-20 10:25:00,15,4,hybrid,True,0.19343388189938804,0.17499999999999952
temperature,2022-05-20 10:25:00,60,0,ffill,True,0.2906888370749716,0.22499999999999892
temperature,2022-05-20 10:25:00,60,0,linear,True,0.2614430320670134,0.2130327868852459
temperature,2022-05-20 10:25:00,60,0,spline3,True,0.20872019119505017,0.17756908665285553
temperature,2022-05-20 10:25:00,60,0,knn,True,0.19576881922770661,0.17245652173913004
temperature,2022-05-20 10:25:00,60,0,iterative,True,0.19576881922770625,0.1724565217391311
temperature,2022-05-20 10:25:00,60,0,profile,True,0.25589973783838105,0.21077748696568055
temperature,2022-05-20 10:25:00,60,0,hybrid,True,0.2614430320670134,0.2130327868852459
temperature,2022-05-20 10:25:00,60,1,ffill,True,0.2435843454192664,0.2099999999999986
temperature,2022-05-20 10:25:00,60,1,linear,True,0.18458341813761528,0.15808743169398803
temperature,2022-05-20 10:25:00,60,1,spline3,True,0.15683754272614064,0.13674201682582682
temperature,2022-05-20 10:25:00,60,1,knn,True,0.18516754449338893,0.1661594202898544
temperature,2022-05-20 10:25:00,60,1,iterative,True,0.1851675444933946,0.16615942028985972
temperature,2022-05-20 10:25:00,60,1,profile,True,0.2047140047376076,0.17729109147265387
temperature,2022-05-20 10:25:00,60,1,hybrid,True,0.18458341813761528,0.15808743169398803
temperature,2022-05-20 10:25:00,60,2,ffill,True,0.2585214368932151,0.21499999999999833
temperature,2022-05-20 10:25:00,60,2,linear,True,0.18546205774601887,0.1399180327868842
temperature,2022-05-20 10:25:00,60,2,spline3,True,0.1459092665020395,0.12924376859861292
temperature,2022-05-20 10:25:00,60,2,knn,True,0.14373156895805414,0.12964975845410615
temperature,2022-05-20 10:25:00,60,2,iterative,True,0.1437315689580536,0.12964975845410792
temperature,2022-05-20 10:25:00,60,2,profile,True,0.2067264693886857,0.15352799324391989
temperature,2022-05-20 10:25:00,60,2,hybrid,True,0.18546205774601887,0.1399180327868842
temperature,2022-05-20 10:25:00,60,3,ffill,True,0.24186773244895515,0.19166666666666513
temperature,2022-05-20 10:25:00,60,3,linear,True,0.16696421526880512,0.13133879781420768
temperature,2022-05-20 10:25:00,60,3,spline3,True,0.14890713271266615,0.13256708294531053
temperature,2022-05-20 10:25:00,60,3,knn,True,0.14853055713224944,0.1343405797101455
temperature,2022-05-20 10:25:00,60,3,iterative,True,0.14853055713224989,0.13434057971014657
temperature,2022-05-20 10:25:00,60,3,profile,True,0.1933850122085502,0.13778087363896485
temperature,2022-05-20 10:25:00,60,3,hybrid,True,0.16696421526880512,0.13133879781420768
temperature,2022-05-20 10:25:00,60,4,ffill,True,0.1770122406313559,0.15666666666666604
temperature,2022-05-20 10:25:00,60,4,linear,True,0.1770122406313559,0.15666666666666604
temperature,2022-05-20 10:25:00,60,4,spline3,True,0.13354182397202455,0.11637103722281913
temperature,2022-05-20 10:25:00,60,4,knn,True,0.13562894635772715,0.12037681159420378
temperature,2022-05-20 10:25:00,60,4,iterative,True,0.13562894635772857,0.12037681159420661
temperature,2022-05-20 10:25:00,60,4,profile,True,0.17637545617565814,0.12458290468968945
temperature,2022-05-20 10:25:00,60,4,hybrid,True,0.1770122406313559,0.15666666666666604
temperature,2022-05-20 10:25:00,240,0,ffill,True,0.2147673159491442,0.15708333333333258
temperature,2022-05-20 10:25:00,240,0,linear,True,0.2147673159491442,0.15708333333333258
temperature,2022-05-20 10:25:00,240,0,spline3,True,0.17453289720819828,0.15069602667071516
temperature,2022-05-20 10:25:00,240,0,knn,True,0.1996381274818119,0.17837847222222153
temperature,2022-05-20 10:25:00,240,0,iterative,True,0.1996381274818119,0.17837847222222153
temperature,2022-05-20 10:25:00,240,0,profile,True,0.19450943040304833,0.17350351261542438
temperature,2022-05-20 10:25:00,240,0,hybrid,True,0.19450943040304833,0.17350351261542438
temperature,2022-05-20 10:25:00,240,1,ffill,True,0.23193030562362202,0.18875000000000028
temperature,2022-05-20 10:25:00,240,1,linear,True,0.1699844391218459,0.1488848547717844
temperature,2022-05-20 10:25:00,240,1,spline3,True,0.146550706153718,0.13183885351205607
temperature,2022-05-20 10:25:00,240,1,knn,True,0.14861207424402284,0.12889375000000075
temperature,2022-05-20 10:25:00,240,1,iterative,True,0.14861207424402323,0.12889375000000014
temperature,2022-05-20 10:25:00,240,1,profile,True,0.21398229501324978,0.1637796921979119
temperature,2022-05-20 10:25:00,240,1,hybrid,True,0.21398229501324978,0.1637796921979119
temperature,2022-05-20 10:25:00,240,2,ffill,True,0.17090445673923588,0.13958333333333334
temperature,2022-05-20 10:25:00,240,2,linear,True,0.18477257899223423,0.15184820193637674
temperature,2022-05-20 10:25:00,240,2,spline3,True,0.15308190865752921,0.13511362835676657
temperature,2022-05-20 10:25:00,240,2,knn,True,0.17427928974302534,0.14278958333333341
temperature,2022-05-20 10:25:00,240,2,iterative,True,0.17427928974302168,0.14278958333333006
temperature,2022-05-20 10:25:00,240,2,profile,True,0.18865479485243183,0.15369973110130847
temperature,2022-05-20 10:25:00,240,2,hybrid,True,0.18865479485243183,0.15369973110130847
temperature,2022-05-20 10:25:00,240,3,ffill,True,0.3203513695928283,0.2845833333333349
temperature,2022-05-20 10:25:00,240,3,linear,True,0.2761706505329051,0.23622925311203408
temperature,2022-05-20 10:25:00,240,3,spline3,True,0.14591031191055098,0.1311982920920332
temperature,2022-05-20 10:25:00,240,3,knn,True,0.1473514082050116,0.12921041666666672
temperature,2022-05-20 10:25:00,240,3,iterative,True,0.1473514082050116,0.12921041666666672
temperature,2022-05-20 10:25:00,240,3,profile,True,0.2115376391367872,0.16217890516268663
temperature,2022-05-20 10:25:00,240,3,hybrid,True,0.2115376391367872,0.16217890516268663
temperature,2022-05-20 10:25:00,240,4,ffill,True,0.2023816526598541,0.15541666666666784
temperature,2022-05-20 10:25:00,240,4,linear,True,0.16362349674185145,0.13065871369294701
temperature,2022-05-20 10:25:00,240,4,spline3,True,0.13154493708664053,0.11245991341174125
temperature,2022-05-20 10:25:00,240,4,knn,True,0.21977537459364596,0.18743055555555443
temperature,2022-05-20 10:25:00,240,4,iterative,True,0.21977537459364319,0.18743055555555146
temperature,2022-05-20 10:25:00,240,4,profile,True,0.2207383449009992,0.19055347068895528
temperature,2022-05-20 10:25:00,240,4,hybrid,True,0.2207383449009992,0.19055347068895528
temperature,2022-05-20 10:25:00,720,0,ffill,True,0.29599174162653896,0.24833333333333468
temperature,2022-05-20 10:25:00,720,0,linear,True,0.24968341798284455,0.20437702265372237
temperature,2022-05-20 10:25:00,720,0,spline3,True,0.1585166045521637,0.13875631033028255
temperature,2022-05-20 10:25:00,720,0,knn,True,0.18749485589651332,0.15765277777777773
temperature,2022-05-20 10:25:00,720,0,iterative,True,0.1874948558965202,0.15765277777778233
temperature,2022-05-20 10:25:00,720,0,profile,True,0.22714987500117187,0.18419062771274494
temperature,2022-05-20 10:25:00,720,0,hybrid,True,0.22714987500117187,0.18419062771274494
temperature,2022-05-20 10:25:00,720,1,ffill,True,0.21650635094610965,0.1709722222222225
temperature,2022-05-20 10:25:00,720,1,linear,True,0.16518428838511134,0.13345796732932638
temperature,2022-05-20 10:25:00,720,1,spline3,True,0.15561576490824156,0.13631458843519428
temperature,2022-05-20 10:25:00,720,1,knn,True,0.1912498991365819,0.1602762345679007
temperature,2022-05-20 10:25:00,720,1,iterative,True,0.19124989913659118,0.1602762345679068
temperature,2022-05-20 10:25:00,720,1,profile,True,0.23111930840366238,0.18822859896448785
temperature,2022-05-20 10:25:00,720,1,hybrid,True,0.23111930840366238,0.18822859896448785
temperature,2022-05-20 10:25:00,720,2,ffill,True,0.17304463136556522,0.14138888888888834
temperature,2022-05-20 10:25:00,720,2,linear,True,0.2204296439324334,0.16485552473416543
temperature,2022-05-20 10:25:00,720,2,spline3,True,0.17602864132439952,0.14473500539021247
temperature,2022-05-20 10:25:00,720,2,knn,True,0.21467028982449599,0.18715277777777722
temperature,2022-05-20 10:25:00,720,2,iterative,True,0.21467028982449382,0.1871527777777759
temperature,2022-05-20 10:25:00,720,2,profile,True,0.1847091873895537,0.16057596153651446
temperature,2022-05-20 10:25:00,720,2,hybrid,True,0.1847091873895537,0.16057596153651446
temperature,2022-05-20 10:25:00,720,3,ffill,True,0.22391714737573887,0.164999999999999
temperature,2022-05-20 10:25:00,720,3,linear,True,0.20039575961473588,0.15919170904607713
temperature,2022-05-20 10:25:00,720,3,spline3,True,0.18313612577598384,0.14621424745723421
temperature,2022-05-20 10:25:00,720,3,knn,True,0.2066039331309682,0.18075925925925954
temperature,2022-05-20 10:25:00,720,3,iterative,True,0.20660393313096614,0.18075925925925837
temperature,2022-05-20 10:25:00,720,3,profile,True,0.1856150961843807,0.1597666972991587
temperature,2022-05-20 10:25:00,720,3,hybrid,True,0.1856150961843807,0.1597666972991587
temperature,2022-05-20 10:25:00,720,4,ffill,True,0.1738853389768989,0.14097222222222172
temperature,2022-05-20 10:25:00,720,4,linear,True,0.19225452072633603,0.14723744028355615
temperature,2022-05-20 10:25:00,720,4,spline3,True,0.17668598876651603,0.14317226048813228
temperature,2022-05-20 10:25:00,720,4,knn,True,0.20260147396572956,0.17804591049382656
temperature,2022-05-20 10:25:00,720,4,iterative,True,0.20260147396572553,0.17804591049382412
temperature,2022-05-20 10:25:00,720,4,profile,True,0.1837481738569754,0.15701527854169153
temperature,2022-05-20 10:25:00,720,4,hybrid,True,0.1837481738569754,0.15701527854169153
soil_moisture,2022-05-21 12:39:00,5,0,ffill,True,2.0,1.6
soil_moisture,2022-05-21 12:39:00,5,0,linear,True,1.2449899597988732,1.1
soil_moisture,2022-05-21 12:39:00,5,0,spline3,True,1.2577910264127665,1.1549277406201142
soil_moisture,2022-05-21 12:39:00,5,0,knn,True,1.2038472243062848,1.1392334494773522
soil_moisture,2022-05-21 12:39:00,5,0,iterative,True,1.2038472243062843,1.1392334494773508
soil_moisture,2022-05-21 12:39:00,5,0,profile,True,1.2370048708473527,1.1827832427715053
soil_moisture,2022-05-21 12:39:00,5,0,hybrid,True,1.2449899597988732,1.1
soil_moisture,2022-05-21 12:39:00,5,1,ffill,True,1.61245154965971,1.4
soil_moisture,2022-05-21 12:39:00,5,1,linear,True,1.1130538571375994,0.9
soil_moisture,2022-05-21 12:39:00,5,1,spline3,True,0.9749603943550749,0.8571391167418184
soil_moisture,2022-05-21 12:39:00,5,1,knn,True,1.2096380744946393,1.1843902439024376
soil_moisture,2022-05-21 12:39:00,5,1,iterative,True,1.2096380744946447,1.1843902439024419
soil_moisture,2022-05-21 12:39:00,5,1,profile,True,0.8979012602528332,0.8773137537580908
soil_moisture,2022-05-21 12:39:00,5,1,hybrid,True,1.1130538571375994,0.9
soil_moisture,2022-05-21 12:39:00,5,2,ffill,True,1.5491933384829668,1.2
soil_moisture,2022-05-21 12:39:00,5,2,linear,True,0.9775252199076773,0.8666666666666657
soil_moisture,2022-05-21 12:39:00,5,2,spline3,True,1.0670636081371396,1.0554922989101072
soil_moisture,2022-05-21 12:39:00,5,2,knn,True,1.0988935000489037,0.8604878048780492
soil_moisture,2022-05-21 12:39:00,5,2,iterative,True,1.0988935000488975,0.860487804878052
soil_moisture,2022-05-21 12:39:00,5,2,profile,True,1.811198299205247,1.5285565297639265
soil_moisture,2022-05-21 12:39:00,5,2,hybrid,True,0.9775252199076773,0.8666666666666657
soil_moisture,2022-05-21 12:39:00,5,3,ffill,True,2.280350850198276,2.0
soil_moisture,2022-05-21 12:39:00,5,3,linear,True,2.280350850198276,2.0
soil_moisture,2022-05-21 12:39:00,5,3,spline3,True,1.3430704001144183,1.2643455580365413
soil_moisture,2022-05-21 12:39:00,5,3,knn,True,1.7066704314789714,1.5852264808362377
soil_moisture,2022-05-21 12:39:00,5,3,iterative,True,1.7066704314789822,1.5852264808362464
soil_moisture,2022-05-21 12:39:00,5,3,profile,True,1.457746411867611,0.9997324415886538
soil_moisture,2022-05-21 12:39:00,5,3,hybrid,True,2.280350850198276,2.0
soil_moisture,2022-05-21 12:39:00,5,4,ffill,True,1.0954451150103321,0.8
soil_moisture,2022-05-21 12:39:00,5,4,linear,True,1.2538828582536004,0.8333333333333315
soil_moisture,2022-05-21 12:39:00,5,4,spline3,True,1.3907613507987242,1.259045522726319
soil_moisture,2022-05-21 12:39:00,5,4,knn,True,1.7066704314789714,1.5852264808362377
soil_moisture,2022-05-21 12:39:00,5,4,iterative,True,1.7066704314789876,1.5852264808362506
soil_moisture,2022-05-21 12:39:00,5,4,profile,True,2.072615021743918,1.8640508561521585
soil_moisture,2022-05-21 12:39:00,5,4,hybrid,True,1.2538828582536004,0.8333333333333315
soil_moisture,2022-05-21 12:39:00,15,0,ffill,True,2.0,1.6
soil_moisture,2022-05-21 12:39:00,15,0,linear,True,1.5831140198987563,1.3666666666666667
soil_moisture,2022-05-21 12:39:00,15,0,spline3,True,1.2496153737394335,1.062988272383637
soil_moisture,2022-05-21 12:39:00,15,0,knn,True,1.3951145466727652,1.262315789473685
soil_moisture,2022-05-21 12:39:00,15,0,iterative,True,1.3951145466727728,1.2623157894736878
soil_moisture,2022-05-21 12:39:00,15,0,profile,True,2.232432729917789,1.8889001193763908
soil_moisture,2022-05-21 12:39:00,15,0,hybrid,True,1.5831140198987563,1.3666666666666667
soil_moisture,2022-05-21 12:39:00,15,1,ffill,True,1.3662601021279464,0.9333333333333333
soil_moisture,2022-05-21 12:39:00,15,1,linear,True,1.3662601021279464,0.9333333333333333
soil_moisture,2022-05-21 12:39:00,15,1,spline3,True,1.1688714193128347,0.8890139890708165
soil_moisture,2022-05-21 12:39:00,15,1,knn,True,1.2606610801002986,1.046923976608187
soil_moisture,2022-05-21 12:39:00,15,1,iterative,True,1.2606610801002944,1.0469239766081866
soil_moisture,2022-05-21 12:39:00,15,1,profile,True,1.8262625312068055,1.5566686412348152
soil_moisture,2022-05-21 12:39:00,15,1,hybrid,True,1.3662601021279464,0.9333333333333333
soil_moisture,2022-05-21 12:39:00,15,2,ffill,True,2.1291625896895083,1.8666666666666667
soil_moisture,2022-05-21 12:39:00,15,2,linear,True,1.3094209916345978,1.0333333333333334
soil_moisture,2022-05-21 12:39:00,15,2,spline3,True,1.7423088757469702,1.5884401122828673
soil_moisture,2022-05-21 12:39:00,15,2,knn,True,1.5648487124214305,1.4565614035087728
soil_moisture,2022-05-21 12:39:00,15,2,iterative,True,1.5648487124214359,1.456561403508777
soil_moisture,2022-05-21 12:39:00,15,2,profile,True,1.9913642915116767,1.7689576080572464
soil_moisture,2022-05-21 12:39:00,15,2,hybrid,True,1.3094209916345978,1.0333333333333334
soil_moisture,2022-05-21 12:39:00,15,3,ffill,True,1.4605934866804429,1.2
soil_moisture,2022-05-21 12:39:00,15,3,linear,True,1.6998774465629378,1.3666666666666667
soil_moisture,2022-05-21 12:39:00,15,3,spline3,True,1.4699238768444023,1.281192483998746
soil_moisture,2022-05-21 12:39:00,15,3,knn,True,1.450481330836406,1.2873918128654969
soil_moisture,2022-05-21 12:39:00,15,3,iterative,True,1.4504813308364088,1.2873918128654973
soil_moisture,2022-05-21 12:39:00,15,3,profile,True,1.3386571071873559,1.26928328575974
soil_moisture,2022-05-21 12:39:00,15,3,hybrid,True,1.6998774465629378,1.3666666666666667
soil_moisture,2022-05-21 12:39:00,15,4,ffill,True,2.0,1.7333333333333334
soil_moisture,2022-05-21 12:39:00,15,4,linear,True,2.0,1.7333333333333334
soil_moisture,2022-05-21 12:39:00,15,4,spline3,True,1.1973747225781968,0.8217703393744533
soil_moisture,2022-05-21 12:39:00,15,4,knn,True,1.508250256610322,1.4130526315789487
soil_moisture,2022-05-21 12:39:00,15,4,iterative,True,1.5082502566103262,1.413052631578952
soil_moisture,2022-05-21 12:39:00,15,4,profile,True,1.875281716964906,1.6358647207482921
soil_moisture,2022-05-21 12:39:00,15,4,hybrid,True,2.0,1.7333333333333334
soil_moisture,2022-05-21 12:39:00,60,0,ffill,True,1.2110601416389966,1.1333333333333333
soil_moisture,2022-05-21 12:39:00,60,0,linear,True,1.4366399779448948,1.2092896174863383
soil_moisture,2022-05-21 12:39:00,60,0,spline3,True,2.049286912416866,1.6325313623558528
soil_moisture,2022-05-21 12:39:00,60,0,knn,True,1.1993670878710065,1.1333333333333333
soil_moisture,2022-05-21 12:39:00,60,0,iterative,True,1.1993670878710065,1.1333333333333333
soil_moisture,2022-05-21 12:39:00,60,0,profile,True,1.6213972442042837,1.2626300778274333
soil_moisture,2022-05-21 12:39:00,60,0,hybrid,True,1.4366399779448948,1.2092896174863383
soil_moisture,2022-05-21 12:39:00,60,1,ffill,True,1.2382783747337807,0.7666666666666667
soil_moisture,2022-05-21 12:39:00,60,1,linear,True,1.2382783747337807,0.7666666666666667
soil_moisture,2022-05-21 12:39:00,60,1,spline3,True,2.238682320661203,1.943970270217361
soil_moisture,2022-05-21 12:39:00,60,1,knn,True,1.3731759779178356,1.1717874396135268
soil_moisture,2022-05-21 12:39:00,60,1,iterative,True,1.3731759779178356,1.1717874396135268
soil_moisture,2022-05-21 12:39:00,60,1,profile,True,1.2130539827544282,0.9124105301956494
soil_moisture,2022-05-21 12:39:00,60,1,hybrid,True,1.2382783747337807,0.7666666666666667
soil_moisture,2022-05-21 12:39:00,60,2,ffill,True,2.0615528128088303,1.75
soil_moisture,2022-05-21 12:39:00,60,2,linear,True,1.4857244189890426,1.2472677595628416
soil_moisture,2022-05-21 12:39:00,60,2,spline3,True,1.9519748388728466,1.655969376680425
soil_moisture,2022-05-21 12:39:00,60,2,knn,True,1.0911895834337537,0.993550724637681
soil_moisture,2022-05-21 12:39:00,60,2,iterative,True,1.0911895834337537,0.993550724637681
soil_moisture,2022-05-21 12:39:00,60,2,profile,True,1.2472162769204824,1.0843178185447688
soil_moisture,2022-05-21 12:39:00,60,2,hybrid,True,1.4857244189890426,1.2472677595628416
soil_moisture,2022-05-21 12:39:00,60,3,ffill,True,1.3662601021279464,0.9333333333333333
soil_moisture,2022-05-21 12:39:00,60,3,linear,True,1.3662601021279464,0.9333333333333333
soil_moisture,2022-05-21 12:39:00,60,3,spline3,True,1.8395482614867922,1.6334588672173316
soil_moisture,2022-05-21 12:39:00,60,3,knn,True,1.2761731612160279,1.0485990338164253
soil_moisture,2022-05-21 12:39:00,60,3,iterative,True,1.2761731612160279,1.0485990338164253
soil_moisture,2022-05-21 12:39:00,60,3,profile,True,1.259694773087063,1.1613716109918224
soil_moisture,2022-05-21 12:39:00,60,3,hybrid,True,1.3662601021279464,0.9333333333333333
soil_moisture,2022-05-21 12:39:00,60,4,ffill,True,1.7559422921421233,1.3833333333333333
soil_moisture,2022-05-21 12:39:00,60,4,linear,True,1.266745755368128,1.0882513661202184
soil_moisture,2022-05-21 12:39:00,60,4,spline3,True,2.5716635934892156,2.282458135261825
soil_moisture,2022-05-21 12:39:00,60,4,knn,True,1.1296260113134053,0.9317632850241542
soil_moisture,2022-05-21 12:39:00,60,4,iterative,True,1.1296260113134076,0.9317632850241531
soil_moisture,2022-05-21 12:39:00,60,4,profile,True,1.2936147360795174,0.999731182795699
soil_moisture,2022-05-21 12:39:00,60,4,hybrid,True,1.266745755368128,1.0882513661202184
soil_moisture,2022-05-21 12:39:00,240,0,ffill,True,1.680773631397161,1.2333333333333334
soil_moisture,2022-05-21 12:39:00,240,0,linear,True,1.2177087751733433,1.0405255878284922
soil_moisture,2022-05-21 12:39:00,240,0,spline3,True,3.93182505161487,3.509166169464755
soil_moisture,2022-05-21 12:39:00,240,0,knn,True,1.3232630124053197,1.1787916666666667
soil_moisture,2022-05-21 12:39:00,240,0,iterative,True,1.3232630124053164,1.178791666666666
soil_moisture,2022-05-21 12:39:00,240,0,profile,True,1.249635210808978,1.1266920610631352
soil_moisture,2022-05-21 12:39:00,240,0,hybrid,True,1.249635210808978,1.1266920610631352
soil_moisture,2022-05-21 12:39:00,240,1,ffill,True,1.5316113519210195,1.0625
soil_moisture,2022-05-21 12:39:00,240,1,linear,True,1.5316113519210195,1.0625
soil_moisture,2022-05-21 12:39:00,240,1,spline3,True,5.735346712823008,4.985671212883473
soil_moisture,2022-05-21 12:39:00,240,1,knn,True,1.2027673530469443,1.0834722222222224
soil_moisture,2022-05-21 12:39:00,240,1,iterative,True,1.202767353046947,1.0834722222222222
soil_moisture,2022-05-21 12:39:00,240,1,profile,True,1.2415403682126152,1.1476314182557814
soil_moisture,2022-05-21 12:39:00,240,1,hybrid,True,1.2415403682126152,1.1476314182557814
soil_moisture,2022-05-21 12:39:00,240,2,ffill,True,1.5247950681976907,1.0416666666666667
soil_moisture,2022-05-21 12:39:00,240,2,linear,True,1.2464749743526402,1.0658022130013831
soil_moisture,2022-05-21 12:39:00,240,2,spline3,True,6.595469168247175,5.771107877866852
soil_moisture,2022-05-21 12:39:00,240,2,knn,True,1.1959933110180834,1.0731666666666668
soil_moisture,2022-05-21 12:39:00,240,2,iterative,True,1.1959933110180812,1.073166666666667
soil_moisture,2022-05-21 12:39:00,240,2,profile,True,1.2218629235446319,1.1222354338352853
soil_moisture,2022-05-21 12:39:00,240,2,hybrid,True,1.2218629235446319,1.1222354338352853
soil_moisture,2022-05-21 12:39:00,240,3,ffill,True,2.0554804791094465,1.7166666666666666
soil_moisture,2022-05-21 12:39:00,240,3,linear,True,1.681801954648981,1.3798063623789765
soil_moisture,2022-05-21 12:39:00,240,3,spline3,True,3.2187839843737387,2.8664818670998624
soil_moisture,2022-05-21 12:39:00,240,3,knn,True,1.1307875819779571,1.0231249999999998
soil_moisture,2022-05-21 12:39:00,240,3,iterative,True,1.1307875819779563,1.023124999999996
soil_moisture,2022-05-21 12:39:00,240,3,profile,True,1.4408100389883183,1.159902782928584
soil_moisture,2022-05-21 12:39:00,240,3,hybrid,True,1.4408100389883183,1.159902782928584
soil_moisture,2022-05-21 12:39:00,240,4,ffill,True,1.6695807857064,1.1375
soil_moisture,2022-05-21 12:39:00,240,4,linear,True,1.4086339674374373,1.225950899031812
soil_moisture,2022-05-21 12:39:00,240,4,spline3,True,8.207210248854388,7.273739684251618
soil_moisture,2022-05-21 12:39:00,240,4,knn,True,1.3321012536590446,1.15775
soil_moisture,2022-05-21 12:39:00,240,4,iterative,True,1.332101253659056,1.1577499999999992
soil_moisture,2022-05-21 12:39:00,240,4,profile,True,2.2915527006749863,1.89781146037247
soil_moisture,2022-05-21 12:39:00,240,4,hybrid,True,2.2915527006749863,1.89781146037247
soil_moisture,2022-05-21 12:39:00,720,0,ffill,True,1.783021779638899,1.3375
soil_moisture,2022-05-21 12:39:00,720,0,linear,True,1.1564034069366385,0.9996436276776084
soil_moisture,2022-05-21 12:39:00,720,0,spline3,True,47.720003594275134,41.69426224115132
soil_moisture,2022-05-21 12:39:00,720,0,knn,True,1.3798085112716831,1.1224768518518522
soil_moisture,2022-05-21 12:39:00,720,0,iterative,True,1.3798085112716758,1.1224768518518438
soil_moisture,2022-05-21 12:39:00,720,0,profile,True,1.8655893537204735,1.534932807950362
soil_moisture,2022-05-21 12:39:00,720,0,hybrid,True,1.8655893537204735,1.534932807950362
soil_moisture,2022-05-21 12:39:00,720,1,ffill,True,2.035790864613663,1.6472222222222221
soil_moisture,2022-05-21 12:39:00,720,1,linear,True,1.2196208253472012,1.0651063337956541
soil_moisture,2022-05-21 12:39:00,720,1,spline3,True,6.420438284886117,5.785175940453632
soil_moisture,2022-05-21 12:39:00,720,1,knn,True,1.2002314591592558,1.0659567901234568
soil_moisture,2022-05-21 12:39:00,720,1,iterative,True,1.2002314591592538,1.0659567901234568
soil_moisture,2022-05-21 12:39:00,720,1,profile,True,1.3453742614952708,1.1463675485790565
soil_moisture,2022-05-21 12:39:00,720,1,hybrid,True,1.3453742614952708,1.1463675485790565
soil_moisture,2022-05-21 12:39:00,720,2,ffill,True,1.8085445345175588,1.3680555555555556
soil_moisture,2022-05-21 12:39:00,720,2,linear,True,1.161534348806853,1.0140025427646786
soil_moisture,2022-05-21 12:39:00,720,2,spline3,True,6.904492247898454,6.198293773683857
soil_moisture,2022-05-21 12:39:00,720,2,knn,True,1.35240911586201,1.1010763888888875
soil_moisture,2022-05-21 12:39:00,720,2,iterative,True,1.3524091158620029,1.1010763888888793
soil_moisture,2022-05-21 12:39:00,720,2,profile,True,1.7810548487864,1.4647227322832963
soil_moisture,2022-05-21 12:39:00,720,2,hybrid,True,1.7810548487864,1.4647227322832963
soil_moisture,2022-05-21 12:39:00,720,3,ffill,True,2.027244983277113,1.6375
soil_moisture,2022-05-21 12:39:00,720,3,linear,True,1.2180790920018347,1.0636480967791648
soil_moisture,2022-05-21 12:39:00,720,3,spline3,True,7.687476498503689,6.796519587982004
soil_moisture,2022-05-21 12:39:00,720,3,knn,True,1.2008026829306029,1.0660069444444444
soil_moisture,2022-05-21 12:39:00,720,3,iterative,True,1.2008026829306007,1.0660069444444442
soil_moisture,2022-05-21 12:39:00,720,3,profile,True,1.3422985917801449,1.1419252820517767
soil_moisture,2022-05-21 12:39:00,720,3,hybrid,True,1.3422985917801449,1.1419252820517767
soil_moisture,2022-05-21 12:39:00,720,4,ffill,True,1.4486583831639228,1.1125
soil_moisture,2022-05-21 12:39:00,720,4,linear,True,1.3486743147070617,1.147073894282632
soil_moisture,2022-05-21 12:39:00,720,4,spline3,True,2.7717826731567334,2.3669849099420843
soil_moisture,2022-05-21 12:39:00,720,4,knn,True,1.5409776989036903,1.1870949074074073
soil_moisture,2022-05-21 12:39:00,720,4,iterative,True,1.5409776989036854,1.187094907407407
soil_moisture,2022-05-21 12:39:00,720,4,profile,True,1.8492758277560026,1.5003264194881378
soil_moisture,2022-05-21 12:39:00,720,4,hybrid,True,1.8492758277560026,1.5003264194881378
